english,igbo
the company operates in different cities. later,Ụlọ ọrụ ahụ na-arụ ọrụ n'obodo dị iche iche.
the product came from another city.,Ngwaahịa ahụ sitere n'obodo ọzọ.
lack of sleep can affect health. later,Enweghị ụra nwere ike imetụta ahụike.
we import products.,Ha na-ebubata ngwaahịa.
listen. today,Gee ntị.
leaders make plans for the future. now,Ndị isi na-eme atụmatụ maka ọdịnihu.
smoking damages health. now,Ise siga na-emebi ahụike.
i am sad. later,Ana m enwe mwute.
language is an important part of culture.,Asụsụ bụ akụkụ dị mkpa nke omenala.
the students listened to the teacher.,Ụmụ akwụkwọ gere onye nkuzi ntị.
he went for a job interview. now,Ọ gara ajụjụ ọnụ maka ọrụ.
the igbo people respect their ancestors.,Ndị Igbo na-asọpụrụ ndị nna nna ha.
training helps young people.,Ọzụzụ na-enyere ndị ntorobịa aka.
the customer paid with cash. later,Onye ahịa jiri ego kwụọ ụgwọ.
they cooked yam and soup.,Ha siri ji na ofe.
the children sat and listened to the story. later,Ụmụaka nọdụrụ gee akụkọ ahụ ntị.
they gave money to the poor. today,Ha nyere ndị ogbenye ego.
many people speak igbo at home.,Ọtụtụ mmadụ na-asụ Igbo n'ụlọ.
we found a solution to the problem.,Ha chọtara ngwọta maka nsogbu ahụ.
hello.,Ndewo.
grass grows quickly. now,Ahịhịa na-eto ngwa ngwa.
they have faith.,Ha nwere okwukwe.
customer service is important. now,Ọrụ ndị ahịa dị mkpa.
people cook traditional food at celebrations. today,Ndị mmadụ na-esi nri ọdịnala n'emume.
training helps farmers.,Ọzụzụ na-enyere ndị ọrụ ugbo aka.
it is important.,Ọ dị mkpa.
culture connects different generations. tomorrow,Omenala na-ejikọta ọgbọ dị iche iche.
prayer is important to many people.,Ekpere dị mkpa nye ọtụtụ ndị mmadụ.
i need to tell you something.,Ọ dị m mkpa ịgwa gị ihe.
the child received a vaccination. later,Nwa ahụ nwetara ọgwụ mgbochi ọrịa.
the plan is for community development.,Atụmatụ ahụ bụ maka mmepe obodo.
the teacher is in the classroom.,Onye nkuzi nọ na klaasị.
it is important to keep a password secret.,Ọ dị mkpa izobe paswọọdụ.
the igbo people respect visitors.,Ndị Igbo na-akwanyere ndị ọbịa ùgwù.
plants need sunlight.,Osisi chọrọ ìhè anyanwụ.
we transported the product to the shop.,Ha bufere ngwaahịa ahụ n'ụlọ ahịa.
they need money to expand the business. now,Ha chọrọ ego iji gbasaa azụmahịa.
she needs the support of his family.,Ọ chọrọ nkwado nke ezinụlọ ya.
he is learning digital skills.,Ọ na-amụ nkà dijitalụ.
she has stomach pain.,Ọ na-enwe ihe mgbu n'afọ.
religion teaches love.,Okpukpe na-akụzi ịhụnanya.
we have hope.,Enwere m olileanya.
they advertised a new product. tomorrow,Ha kpọsara ngwaahịa ọhụrụ.
people learned about the law.,Ndị mmadụ mụtara banyere iwu ahụ.
people seek advice. now,Ndị mmadụ na-achọ ndụmọdụ.
the book contains many teachings. today,Akwụkwọ ahụ nwere ọtụtụ nkuzi.
he studies computer programming. tomorrow,Ọ na-amụ mmemme kọmputa.
the vehicle carried the product. today,Ụgbọala bu ngwaahịa ahụ.
she works part time.,Ọ na-arụ ọrụ nwa oge.
the database contains a lot of information. now,Ebe nchekwa data nwere ọtụtụ ozi.
students study their culture.,Ụmụ akwụkwọ na-amụ banyere omenala ha.
the grandmother told a story at night. now,Nne ochie kọrọ akụkọ n'abalị.
working together helps students.,Ịrụkọ ọrụ ọnụ na-enyere ụmụ akwụkwọ aka.
they are planting vegetables. now,Ha na-akụ akwụkwọ nri.
i am well.,Ọ dị m mma.
learning helps a person achieve their goals.,Ọmụmụ ihe na-enyere mmadụ aka iru ihe mgbaru ọsọ ya.
studying helps students. today,Ịgụ akwụkwọ na-enyere ụmụ akwụkwọ aka.
the student needs help.,Nwa akwụkwọ ahụ chọrọ enyemaka.
this soil is good for planting.,Ala a dị mma maka ịkụ ihe.
the trader sells clothes.,Onye na-ere ahịa na-ere uwe.
the company sells products. later,Ụlọ ọrụ ahụ na-ere ngwaahịa.
people greet one another at celebrations.,Ndị mmadụ na-enye ibe ha ekele n'emume.
the celebration took place in the town. now,Emume ahụ mere n'obodo.
many people buy this product. today,Ọtụtụ mmadụ na-azụ ngwaahịa a.
health campaigns provide important information.,Mkpọsa ahụike na-enye ozi dị mkpa.
i am coming now.,Abịa m ugbu a.
the company made a profit.,Ụlọ ọrụ ahụ nwetara uru.
the family works together.,Ezinụlọ ahụ na-arụ ọrụ ọnụ.
the lecture was useful. tomorrow,Nkuzi ahụ bara uru.
cleanliness helps prevent disease. tomorrow,Ịdị ọcha na-enyere aka igbochi ọrịa.
the book is on the table.,Akwụkwọ ahụ dị na tebụl.
the students study the igbo language. now,Ụmụ akwụkwọ na-amụ asụsụ Igbo.
the leader read a passage from the holy book. later,Onye nduzi gụrụ akụkụ akwụkwọ nsọ.
working together brings development.,Ịrụkọ ọrụ ọnụ na-eweta mmepe.
the company made a profit. today,Ụlọ ọrụ ahụ nwetara uru.
regular health checkups are important.,Nyocha ahụike mgbe niile dị mkpa.
working together brings development. now,Ịrụkọ ọrụ ọnụ na-eweta mmepe.
that idea is good.,Echiche ahụ dị mma.
they store the harvest in a warehouse.,Ha na-echekwa ihe ubi n'ụlọ nkwakọba ihe.
we used fertilizer to improve the soil.,Ha ji fatịlaịza mee ka ala dị mma.
drinking alcohol can harm health. tomorrow,Ịṅụ mmanya na-aba n'anya nwere ike imerụ ahụike.
many diseases spread through germs. tomorrow,Ọtụtụ ọrịa na-agbasa site na nje.
he works in an office. later,Ọ na-arụ ọrụ n'ụlọ ọrụ.
hello. today,Ndewo.
it is nothing. now,Ọ dịghị ihe.
illness can affect a family. now,Ọrịa nwere ike imetụta ezinụlọ.
the children pray before they eat.,Ụmụaka na-ekpe ekpere tupu ha erie nri.
it is not a problem. today,Ọ bụghị nsogbu.
they remember the stories of our ancestors.,Anyị na-echeta akụkọ ndị nna nna anyị.
the government made a new law.,Gọọmenti mere iwu ọhụrụ.
good governance helps the community.,Ezi ọchịchị na-enyere obodo aka.
they paid the rent.,Ha kwụrụ ụgwọ ụlọ.
the school is in the town. now,Ụlọ akwụkwọ ahụ dị n'obodo.
the harvest began. today,Owuwe ihe ubi malitere.
the government keeps public records. tomorrow,Gọọmenti na-echekwa ndekọ obodo.
the customer paid with cash.,Onye ahịa jiri ego kwụọ ụgwọ.
"yes, i need help.","Ee, achọrọ m enyemaka."
let us stop.,Ka anyị kwụsị.
the farmer returned home after sunset.,Onye ọrụ ugbo laghachiri n'ụlọ mgbe anyanwụ dara.
they study science.,Ha na-amụ sayensị.
they need to increase profit.,Ha chọrọ ịbawanye uru.
what is this? today,Gịnị ka nke a bụ?
the family prays together. today,Ezinụlọ ahụ na-ekpe ekpere ọnụ.
we gathered the harvest.,Ha kpọkọtara ihe ubi.
the government builds hospitals. later,Gọọmenti na-arụ ụlọ ọgwụ.
he returned home. later,Ọ lọtara n'ụlọ.
the farmers received assistance. today,Ndị ọrụ ugbo nwetara enyemaka.
religion teaches goodness. now,Okpukpe na-akụzi ịdị mma.
the community prepared for the celebration.,Ndị obodo kwadebere maka emume ahụ.
she is at home.,Ọ nọ n'ụlọ.
the company provides different services.,Ụlọ ọrụ ahụ na-enye ọrụ dị iche iche.
he downloaded a new application. later,Ọ budatara ngwa ọhụrụ.
we am going to the market.,Anọ m na-aga ahịa.
they plant seeds in rows.,Ha na-akụ mkpụrụ n'ahịrị.
we do not know that place.,Amaghị m ebe ahụ.
the government builds schools. later,Gọọmenti na-arụ ụlọ akwụkwọ.
how are you?,Kedu ka ị mere?
do you understand? tomorrow,Ị ghọtara?
the house was filled with the smell of food. later,Ụlọ ahụ jupụtara n'isi nri.
the people elected a new leader.,Ndị mmadụ họpụtara onye isi ọhụrụ.
traditional clothing shows a person's culture. tomorrow,Uwe ọdịnala na-egosi omenala mmadụ.
the teacher checked the students' work.,Onye nkuzi nyochara ọrụ ụmụ akwụkwọ.
the maize is ready for harvest.,Ọka dị njikere maka owuwe ihe ubi.
the teacher gave advice.,Onye nkuzi nyere ndụmọdụ.
she uses his phone to call his friend.,Ọ na-eji ekwentị kpọọ enyi ya.
she received a new email.,Ọ natara email ọhụrụ.
the administrator manages the database.,Onye nchịkwa na-elekọta nchekwa data.
names are an important part of culture.,Aha bụ akụkụ dị mkpa nke omenala.
she went for a job interview.,Ọ gara ajụjụ ọnụ maka ọrụ.
we should listen to elders' advice.,Anyị kwesịrị ige ndụmọdụ ndị okenye ntị.
the government collects taxes. now,Gọọmenti na-anakọta ụtụ isi.
parents teach their children igbo. now,Ndị nne na nna na-akụziri ụmụ ha Igbo.
it is okay.,Ọ dị mma.
we should work together. later,Anyị kwesịrị ịrụkọ ọrụ ọnụ.
the government promised to build roads.,Gọọmenti kwere nkwa ịrụ ụzọ.
the teacher sent learning materials online. later,Onye nkuzi zitere ihe ọmụmụ n'ịntanetị.
they discussed the business plan.,Ha tụlere atụmatụ azụmahịa ahụ.
they planted rice on the farm.,Anyị kụrụ osikapa n'ubi.
i want water.,A chọrọ m mmiri.
computer skills help a person find a job. today,Nkà kọmputa na-enyere mmadụ aka ịchọta ọrụ.
the code works well. now,Koodu ahụ na-arụ ọrụ nke ọma.
the company has many employees. tomorrow,Ụlọ ọrụ ahụ nwere ọtụtụ ndị ọrụ.
look at this.,Lee nke a.
they harvest the crops on time. today,Ha na-ewe ihe ubi n'oge.
she built a website.,Ọ wuru weebụsaịtị.
you are right.,Ị kwuru eziokwu.
the celebration took place at home. tomorrow,Emume ahụ mere n'ụlọ.
traditional stories teach many things. later,Akụkọ ọdịnala na-akụzi ọtụtụ ihe.
they want to increase profit.,Ha chọrọ ịbawanye uru.
the teacher stood in front of the classroom.,Onye nkuzi guzoro n'ihu klaasị.
the meeting took place in the meeting hall.,Nzukọ ahụ mere n'ụlọ nzukọ.
"yes, i require help.","Ee, achọrọ m enyemaka."
the branch is in another city. today,Alaka ahụ dị n'obodo ọzọ.
machines can work quickly. now,Igwè nwere ike ịrụ ọrụ ngwa ngwa.
researchers study artificial intelligence.,Ndị nyocha na-amụ ọgụgụ isi mmadụ.
the mother took the child to the hospital.,Nne kpọgara nwa ahụ ụlọ ọgwụ.
the government builds roads.,Gọọmenti na-arụ ụzọ.
who called you? tomorrow,Ònye kpọrọ gị?
irrigation helps crops.,Ịgba mmiri na-enyere ihe ọkụkụ aka.
the community prepares food for visitors.,Ndị obodo na-akwadebe nri maka ndị ọbịa.
children learned about religion.,Ụmụaka mụtara ihe n'okpukpe.
children should learn their language.,Ụmụaka kwesịrị ịmụ asụsụ ha.
they transported the product to the shop.,Ha bufere ngwaahịa ahụ n'ụlọ ahịa.
the student has a big dream. today,Nwa akwụkwọ ahụ nwere nnukwu nrọ.
humility is a good quality. later,Ịdị umeala n'obi bụ omume ọma.
elders give advice. today,Ndị okenye na-enye ndụmọdụ.
we store the harvest in a warehouse.,Ha na-echekwa ihe ubi n'ụlọ nkwakọba ihe.
technology helps people.,Ụzụ na-enyere ndị mmadụ aka.
they read the holy book.,Ha na-agụ akwụkwọ nsọ.
the community prepared for the celebration. today,Ndị obodo kwadebere maka emume ahụ.
the university has many students. tomorrow,Mahadum ahụ nwere ọtụtụ ụmụ akwụkwọ.
they thanked god for the food.,Ha kelere Chineke maka nri.
the visitor gave a speech.,Onye ọbịa kwuru okwu.
they gave food to the visitor. now,Ha nyere ọbịa nri.
he washes his hands before eating.,Ọ na-asa aka ya tupu o rie nri.
the family goes to worship together. tomorrow,Ezinụlọ na-aga ofufe ọnụ.
the teacher is in the classroom. today,Onye nkuzi nọ na klaasị.
do you need anything? later,Ị chọrọ ihe ọ bụla?
they need to expand their business.,Ha chọrọ ịgbasa azụmahịa ha.
good governance helps the community. tomorrow,Ezi ọchịchị na-enyere obodo aka.
"no, i do not need anything. today","Mba, achọghị m ihe ọ bụla."
a person who breaks the law may be punished.,Onye mebiri iwu nwere ike ịta ahụhụ.
we used chemicals to protect the crops.,Ha ji ọgwụ chebe ihe ọkụkụ.
learning is important.,Ọmụmụ ihe dị mkpa.
hope helps a person move forward.,Olileanya na-enyere mmadụ aka ịga n'ihu.
the government protects the environment. later,Gọọmenti na-echekwa gburugburu ebe obibi.
culture changes over time.,Omenala na-agbanwe ka oge na-aga.
the people gave advice.,Ndị mmadụ nyere ndụmọdụ.
kindness is important among people. later,Obiọma dị mkpa n'etiti ndị mmadụ.
the farmer raises goats.,Onye ọrụ ugbo na-azụ ewu.
they have many chickens.,Ha nwere ọtụtụ ọkụkọ.
everyone should respect the law. today,Onye ọ bụla kwesịrị ịkwanyere iwu ùgwù.
will you come tomorrow?,Ị ga-abịa echi?
people should use technology responsibly. tomorrow,Ndị mmadụ kwesịrị iji teknụzụ mee ihe n'ụzọ ziri ezi.
he uses technology for learning. today,Ọ na-eji teknụzụ eme mmụta.
young people support their culture. tomorrow,Ndị ntorobịa na-akwado omenala ha.
"yes, i require water.","Eeh, achọrọ m mmiri."
learning is important. now,Ọmụmụ ihe dị mkpa.
people pay taxes. later,Ndị mmadụ na-akwụ ụtụ isi.
they asked for forgiveness.,Ha rịọrọ mgbaghara.
laws help maintain peace. now,Iwu na-enyere aka idobe udo.
the women wore beautiful clothing.,Ndị inyom yi akwa mara mma.
farming requires good planning.,Ọrụ ugbo chọrọ ezigbo atụmatụ.
she listened to the advice.,Ọ gere ndụmọdụ ahụ ntị.
he works full time.,Ọ na-arụ ọrụ oge niile.
i have hope. today,Enwere m olileanya.
the government manages the community.,Gọọmenti na-elekọta obodo.
the teacher explained the topic. now,Onye nkuzi kọwara ihe ahụ.
people want to live in peace.,Ndị mmadụ chọrọ ibi n'udo.
the human body needs good food.,Ahụ mmadụ chọrọ ezigbo nri.
training helps young people. later,Ọzụzụ na-enyere ndị ntorobịa aka.
reading makes a person knowledgeable. now,Ịgụ akwụkwọ na-eme ka mmadụ mara ihe.
it is important to update software.,Ọ dị mkpa imelite ngwanrọ.
i am not feeling well. today,Anaghị m enwe ahụ ike.
the government issues licenses.,Gọọmenti na-enye akwụkwọ ikike.
i am going home.,Ana m aga ụlọ.
the application helps people.,Ngwa ahụ na-enyere ndị mmadụ aka.
it is important to use technology properly. later,Ọ dị mkpa iji teknụzụ mee ihe nke ọma.
the company promoted its product.,Ụlọ ọrụ ahụ kwalitere ngwaahịa ya.
he uses his phone to call his friend.,Ọ na-eji ekwentị kpọọ enyi ya.
she is watering the farm.,Ọ na-agba mmiri n'ubi.
the price of the product is low.,Ọnụ ahịa ngwaahịa ahụ dị ala.
business requires good planning. later,Azụmahịa chọrọ ezigbo atụmatụ.
we want food.,A chọrọ m nri.
the teacher wrote on the board. now,Onye nkuzi dere n'elu bọọdụ.
the student likes science. later,Nwa akwụkwọ ahụ hụrụ sayensị n'anya.
the students listened to the teacher. now,Ụmụ akwụkwọ gere onye nkuzi ntị.
she likes reading.,Ọ masịrị ya ịgụ akwụkwọ.
we organized the farm work well. now,Anyị haziri ọrụ ubi nke ọma.
i am happy to meet you. later,Obi dị m ụtọ izute gị.
it is not good to take medicine without advice. tomorrow,Ọ dịghị mma ịṅụ ọgwụ n'enweghị ndụmọdụ.
leaders make plans for the future.,Ndị isi na-eme atụmatụ maka ọdịnihu.
please say it again.,Biko kwuo ya ọzọ.
the classroom is clean.,Klaasị ahụ dị ọcha.
artificial intelligence learns from data. tomorrow,Ọgụgụ isi mmadụ na-eji data amụta ihe.
many people pray every day. later,Ọtụtụ mmadụ na-ekpe ekpere kwa ụbọchị.
i am at work.,Anọ m n'ọrụ.
the chicken laid an egg. today,Ọkụkọ ahụ tọrọ akwa.
he installed new software.,Ọ wụnyere ngwanrọ ọhụrụ.
they sell food at the market. later,Ha na-ere nri n'ahịa.
people gather at the place of worship.,Ndị mmadụ na-ezukọ n'ebe ofufe.
the children dance well.,Ụmụaka na-agba egwu nke ọma.
the student needs help. now,Nwa akwụkwọ ahụ chọrọ enyemaka.
he has pain in his body. now,Ọ na-enwe ihe mgbu n'ahụ.
sunlight helps crops grow. tomorrow,Anwụ na-enyere ihe ọkụkụ aka ito.
the company has many employees.,Ụlọ ọrụ ahụ nwere ọtụtụ ndị ọrụ.
water shortage affects agriculture.,Ụkọ mmiri na-emetụta ọrụ ugbo.
many people need this product.,Ọtụtụ ndị mmadụ chọrọ ngwaahịa a.
his friends gave him support.,Ndị enyi nyere ya nkwado.
we take good care of the livestock.,Ha na-elekọta anụ ụlọ nke ọma.
he went to the market. now,Ọ gara ahịa.
a lawyer helps people.,Onye ọka iwu na-enyere ndị mmadụ aka.
truth is important in life. later,Eziokwu dị mkpa na ndụ.
the meeting started at ten o'clock.,Nzukọ ahụ malitere n'elekere iri.
they celebrated happily.,Ha ji obi ụtọ mee emume ahụ.
people listened to the sermon. now,Ndị mmadụ gere ozi ọma ahụ ntị.
welcoming visitors is an important tradition. later,Ịnabata ọbịa bụ omenala dị mkpa.
people learned about the law. now,Ndị mmadụ mụtara banyere iwu ahụ.
water helps the body.,Mmiri na-enyere ahụ aka.
iron is important for the body. today,Ígwè dị mkpa maka ahụ.
the students wrote their examination. tomorrow,Ụmụ akwụkwọ dere ule ha.
we gave the family food.,Ha nyere ezinụlọ ahụ nri.
they used a machine to harvest the crops. today,Ha ji igwe ewe ihe ubi.
some traditions are still alive today. now,Ụfọdụ omenala ka dị ndụ taa.
the government supports agriculture.,Gọọmenti na-akwado ọrụ ugbo.
the ubo-aka is one of the traditional musical instruments. tomorrow,Ụbọ aka bụ otu n'ime ngwá egwu ọdịnala.
the student attended an online class. tomorrow,Nwa akwụkwọ ahụ gara klasị n'ịntanetị.
health is very important.,Ahụike dị ezigbo mkpa.
the igbo people have many traditions.,Ndị Igbo nwere ọtụtụ omenala.
people dance at celebrations. now,Ndị mmadụ na-agba egwu n'emume.
the children dance well. now,Ụmụaka na-agba egwu nke ọma.
the new product is in the market.,Ngwaahịa ọhụrụ ahụ dị n'ahịa.
she works in an office.,Ọ na-arụ ọrụ n'ụlọ ọrụ.
my name is chinedu.,Aha m bụ Chinedu.
the company promoted its product. now,Ụlọ ọrụ ahụ kwalitere ngwaahịa ya.
the record contains important information.,Ndekọ ahụ nwere ozi dị mkpa.
we am at work.,Anọ m n'ọrụ.
i want to drink water.,Achọrọ m ịṅụ mmiri.
the book contains many teachings.,Akwụkwọ ahụ nwere ọtụtụ nkuzi.
many people purchase this product.,Ọtụtụ mmadụ na-azụ ngwaahịa a.
grass grows quickly.,Ahịhịa na-eto ngwa ngwa.
some jobs use machines. tomorrow,Ụfọdụ ọrụ na-eji igwe eme ihe.
the manager has a meeting. later,Onye njikwa nwere nzukọ.
we deposited money in the bank.,Ha debere ego n'ụlọ akụ.
the ubo-aka is one of the traditional musical instruments.,Ụbọ aka bụ otu n'ime ngwá egwu ọdịnala.
he replied to the email.,Ọ zara email ahụ.
the student failed the examination.,Nwa akwụkwọ ahụ dara ule ahụ.
the doctor gave the patient medicine.,Dọkịta nyere onye ọrịa ọgwụ.
the company received the order. today,Ụlọ ọrụ ahụ natara iwu ahụ.
the system has a problem.,Usoro ahụ nwere nsogbu.
diseases can harm crops. tomorrow,Ọrịa nwere ike imerụ ihe ọkụkụ.
they gave the family food. later,Ha nyere ezinụlọ ahụ nri.
farming requires good planning. later,Ọrụ ugbo chọrọ ezigbo atụmatụ.
it is eight o'clock. today,Ọ bụ elekere asatọ.
the university has many students.,Mahadum ahụ nwere ọtụtụ ụmụ akwụkwọ.
we want to increase profit.,Ha chọrọ ịbawanye uru.
they harvest the crops on time.,Ha na-ewe ihe ubi n'oge.
researchers study artificial intelligence. later,Ndị nyocha na-amụ ọgụgụ isi mmadụ.
the customer ordered a product. tomorrow,Onye ahịa nyere iwu ngwaahịa.
she called the technician.,Ọ kpọrọ onye na-ahụ maka teknụzụ.
taxes help the government. tomorrow,Ụtụ isi na-enyere gọọmenti aka.
the internet helps students learn.,Ịntanetị na-enyere ụmụ akwụkwọ aka ịmụ ihe.
she created a strong password.,Ọ mepụtara paswọọdụ siri ike.
he does homework. later,Ọ na-eme ihe omume ụlọ.
he needs the support of his family.,Ọ chọrọ nkwado nke ezinụlọ ya.
children greet elders.,Ụmụaka na-ekele ndị okenye.
irrigation helps crops. now,Ịgba mmiri na-enyere ihe ọkụkụ aka.
let us talk.,Ka anyị kwuo okwu.
his family supports him.,Ezinụlọ ya na-akwado ya.
they need to improve their service.,Ha chọrọ ime ka ọrụ ha ka mma.
jobs help families.,Ọrụ na-enyere ezinụlọ aka.
water shortage affects agriculture. today,Ụkọ mmiri na-emetụta ọrụ ugbo.
the government supports agriculture. now,Gọọmenti na-akwado ọrụ ugbo.
he installed security software. tomorrow,Ọ wụnyere ngwanrọ nchebe.
he saved the document.,Ọ chekwaara akwụkwọ ahụ.
the system has a problem. now,Usoro ahụ nwere nsogbu.
many people use this road. later,Ọtụtụ mmadụ na-eji ụzọ a.
we want to expand their business.,Ha chọrọ ịgbasa azụmahịa ha.
many people depend on small businesses. today,Ọtụtụ mmadụ na-adabere n'obere azụmahịa.
people can participate in the program. tomorrow,Ndị mmadụ nwere ike isonye na mmemme ahụ.
the student is preparing for an examination. later,Nwa akwụkwọ ahụ na-akwadebe maka ule.
internet security is important.,Nchekwa ịntanetị dị mkpa.
religion teaches goodness.,Okpukpe na-akụzi ịdị mma.
farmers face climate change. later,Ndị ọrụ ugbo na-eche ihu mgbanwe ihu igwe.
elders tell stories about the past. today,Ndị okenye na-akọ akụkọ banyere oge gara aga.
the company hired a new employee.,Ụlọ ọrụ ahụ goro onye ọrụ ọhụrụ.
he works part time.,Ọ na-arụ ọrụ nwa oge.
he finds comfort during difficult times.,Ọ na-enweta nkasi obi n'oge nsogbu.
she needs to rest.,Ọ chọrọ izu ike.
my father went to work. tomorrow,Nna m gara ọrụ.
he wants to go to university.,Ọ chọrọ ịga mahadum.
the farmer takes care of his farm every day.,Onye ọrụ ugbo na-elekọta ubi ya kwa ụbọchị.
learning is important. today,Ịmụ ihe dị mkpa.
the business is doing well. today,Azụmahịa ahụ na-aga nke ọma.
we am not happy.,Obi adịghị m ụtọ.
the leaders called a meeting.,Ndị isi kpọrọ nzukọ.
i am looking for my friend.,Ana m achọ enyi m.
the students are sitting on chairs.,Ụmụ akwụkwọ nọ ọdụ n'oche.
the doctor gave him medicine for the cough. later,Dọkịta nyere ya ọgwụ maka ụkwara.
the teacher asked a question.,Onye nkuzi jụrụ ajụjụ.
the customer gave his opinion.,Onye ahịa nyere echiche ya.
people have different beliefs.,Ndị mmadụ nwere nkwenkwe dị iche iche.
he sends messages by phone.,Ọ na-eziga ozi site na ekwentị.
the maize grew well.,Ọka toro nke ọma.
please sit down.,Biko nọdụ ala.
he went for a job interview.,Ọ gara ajụjụ ọnụ maka ọrụ.
it is not a problem.,Ọ bụghị nsogbu.
this question is difficult. tomorrow,Ajụjụ a siri ike.
the government conducts health campaigns. tomorrow,Gọọmenti na-eme mkpọsa ahụike.
religion teaches love. later,Okpukpe na-akụzi ịhụnanya.
elders teach good behavior.,Ndị okenye na-akụzi ezi omume.
technology is changing the world. later,Ụzụ na-agbanwe ụwa.
i am here. now,Anọ m ebe a.
do not be afraid.,Atụla egwu.
the food is delicious. today,Nri ahụ dị ụtọ.
the assistance helped the farmers. tomorrow,Enyemaka ahụ nyere ndị ọrụ ugbo aka.
"yes, i have a phone.","Ee, enwere m ekwentị."
he has had a fever for two days.,Ọ na-enwe ahụ ọkụ kemgbe ụbọchị abụọ.
the computer stopped working.,Kọmputa ahụ kwụsịrị ịrụ ọrụ.
he works with web technology. tomorrow,Ọ na-eji teknụzụ webụ arụ ọrụ.
the students are studying. tomorrow,Ụmụ akwụkwọ na-amụ ihe.
the family celebrated together. tomorrow,Ezinụlọ ahụ mere emume ọnụ.
the farmer has experience.,Onye ọrụ ugbo nwere ahụmahụ.
the father prays every morning.,Nna ahụ na-ekpe ekpere kwa ụtụtụ.
he drinks water every day.,Ọ na-aṅụ mmiri kwa ụbọchị.
he sent the file. tomorrow,Ọ zipụrụ faịlụ ahụ.
the student did not understand the question.,Nwa akwụkwọ ahụ aghọtaghị ajụjụ ahụ.
come here. now,Abịala ebe a.
they prepared the product for the customer. now,Ha kwadebere ngwaahịa maka onye ahịa.
the software is easy to use.,Ngwanrọ ahụ dị mfe iji.
this job requires skills. now,Ọrụ a chọrọ nkà.
she recovered after receiving treatment.,Ọ gbakere mgbe ọ nwetara ọgwụgwọ.
people find comfort through religion.,Ndị mmadụ na-enweta nkasi obi site n'okpukpe.
weeds damage crops. today,Ahịhịa na-emebi ihe ọkụkụ.
she uses the internet every day.,Ọ na-eji ịntanetị kwa ụbọchị.
disasters damage farms.,Ọdachi na-emebi ubi.
open the book.,Mepee akwụkwọ.
she went to the market.,Ọ gara ahịa.
the government started a training program. later,Gọọmenti malitere mmemme ọzụzụ.
the people welcomed the visitor. today,Ndị mmadụ nabatara onye ọbịa.
he returned home.,Ọ lọtara n'ụlọ.
public hospitals help people. today,Ụlọ ọgwụ ọha na-enyere ndị mmadụ aka.
i want food.,A chọrọ m nri.
rain helps farmers.,Mmiri ozuzo na-enyere ndị ọrụ ugbo aka.
the farmer sold his harvest. tomorrow,Onye ọrụ ugbo rere ihe ubi ya.
the patient has a cough.,Onye ọrịa nwere ụkwara.
they want to expand their business. later,Ha chọrọ ịgbasa azụmahịa ha.
good behavior helps both the individual and the community.,Ezi omume na-enyere mmadụ na obodo aka.
the internet helps students.,Ịntanetị na-enyere ụmụ akwụkwọ aka.
the stories of ancestors are important. today,Akụkọ ndị nna nna dị mkpa.
it is cold today.,Ọ dị oyi taa.
computer hardware is important.,Akụrụngwa kọmputa dị mkpa.
the government conducts health campaigns.,Gọọmenti na-eme mkpọsa ahụike.
the patient should tell the doctor everything.,Onye ọrịa kwesịrị ịgwa dọkịta ihe niile.
walking is good exercise. later,Ije ije bụ ezigbo mmega ahụ.
good evening. later,Ka chi bọọ.
it is not good to take medicine without advice.,Ọ dịghị mma ịṅụ ọgwụ n'enweghị ndụmọdụ.
the court handles legal matters. now,Ụlọ ikpe na-eleba anya n'okwu iwu.
the student presented his work. today,Nwa akwụkwọ ahụ gosipụtara ọrụ ya.
the customer is not satisfied. later,Onye ahịa enweghị afọ ojuju.
the system makes work faster. today,Usoro ahụ na-eme ka ọrụ dị ngwa.
it is important to keep the environment clean. tomorrow,Ọ dị mkpa idobe gburugburu ebe obibi ọcha.
thank you very much. later,Daalụ nke ukwuu.
it is time.,Oge eruola.
he likes reading.,Ọ masịrị ya ịgụ akwụkwọ.
proper planting increases the harvest. now,Ịkụ ihe n'ụzọ ziri ezi na-abawanye ihe ubi.
they prepared the product for the customer.,Ha kwadebere ngwaahịa maka onye ahịa.
igbo is the language of the igbo people. tomorrow,Igbo bụ asụsụ ndị Igbo.
he received the file. today,Ọ natara faịlụ ahụ.
the software has a problem. tomorrow,Ngwanrọ ahụ nwere nsogbu.
she finds comfort during difficult times.,Ọ na-enweta nkasi obi n'oge nsogbu.
this question is difficult.,Ajụjụ a siri ike.
people remember special days. later,Ndị mmadụ na-echeta ụbọchị pụrụ iche.
i need to learn.,Achọrọ m ịmụ ihe.
cleanliness helps prevent germs.,Ịdị ọcha na-enyere aka igbochi nje.
the leader listens to the people.,Onye isi ahụ na-ege ndị mmadụ ntị.
taxes help the government.,Ụtụ isi na-enyere gọọmenti aka.
the children come to school on time. tomorrow,Ụmụaka na-abịa n'ụlọ akwụkwọ n'oge.
she sends messages by phone.,Ọ na-eziga ozi site na ekwentị.
learning helps a person achieve their goals. now,Ọmụmụ ihe na-enyere mmadụ aka iru ihe mgbaru ọsọ ya.
they should preserve our culture.,Anyị kwesịrị ichekwa omenala anyị.
i want to eat.,Achọrọ m iri nri.
people dance at celebrations.,Ndị mmadụ na-agba egwu n'emume.
they use paper to write.,Ha na-eji akwụkwọ ede ihe.
the government provides public services.,Gọọmenti na-enye ọrụ ọha.
they went to harvest the crops.,Anyị gara ịtụ ihe ubi.
some traditions are still alive today.,Ụfọdụ omenala ka dị ndụ taa.
listen.,Gee ntị.
education helps people.,Agụmakwụkwọ na-enyere mmadụ aka.
i have arrived now. today,Abịara m ugbu a.
the doctor gave him medicine for the cough.,Dọkịta nyere ya ọgwụ maka ụkwara.
i remember it.,Ana m echeta ya.
our culture is something we should value. today,Omenala anyị bụ ihe anyị kwesịrị iji kpọrọ ihe.
python is a programming language. later,Python bụ asụsụ mmemme.
the police protect the community. later,Polis na-echekwa obodo.
the internet connects people. now,Ịntanetị na-ejikọta ndị mmadụ.
technology helps community development. later,Ụzụ na-enyere mmepe obodo aka.
it is important to seek help early.,Ọ dị mkpa ịchọ enyemaka n'oge.
vaccination protects children from disease. today,Ịgba ọgwụ mgbochi ọrịa na-echebe ụmụaka.
the children arrive to school on time.,Ụmụaka na-abịa n'ụlọ akwụkwọ n'oge.
wait for a short while. later,Chere obere oge.
experience helps the farmer.,Ahụmahụ na-enyere onye ọrụ ugbo aka.
we wrote down their lessons.,Ha debere ihe ọmụmụ ha.
the igbo people value family. now,Ndị Igbo ji ezinụlọ kpọrọ ihe.
the grandmother told a story at night.,Nne ochie kọrọ akụkọ n'abalị.
the farmers received assistance.,Ndị ọrụ ugbo nwetara enyemaka.
he uses a computer to work. today,Ọ na-eji kọmputa arụ ọrụ.
the patient has a fever. now,Onye ọrịa nwere ahụ ọkụ.
the town has many places of worship. tomorrow,Obodo ahụ nwere ọtụtụ ebe ofufe.
learning about culture helps children.,Ọmụmụ omenala na-enyere ụmụaka aka.
the farmer uses a hoe to work. today,Onye ọrụ ugbo na-eji hoe arụ ọrụ.
religious celebrations bring families together.,Emume okpukpe na-ejikọta ezinụlọ ọnụ.
the product arrived on time.,Ngwaahịa ahụ rutere n'oge.
let us start. today,Ka anyị malite.
they study science. later,Ha na-amụ sayensị.
we have a question.,Enwere m ajụjụ.
the neighbors helped the farmer.,Ndị agbata obi nyere onye ọrụ ugbo aka.
the cow gives milk.,Ehi ahụ na-enye mmiri ara.
we learned new methods of planting.,Ha mụtara ụzọ ọhụrụ e si akụ ihe.
the web developer works on websites. today,Onye nrụpụta weebụ na-arụ ọrụ na weebụsaịtị.
a visitor came to the house. today,Ọbịa bịara n'ụlọ ahụ.
the students read books in the library.,Ụmụ akwụkwọ na-agụ akwụkwọ n'ọbá akwụkwọ.
he works part time. today,Ọ na-arụ ọrụ nwa oge.
i want to learn. tomorrow,Achọrọ m ịmụ ihe.
the patient described his symptoms. later,Onye ọrịa kọwara ihe mgbaàmà ya.
she always helps others.,Ọ na-enyere ndị ọzọ aka mgbe niile.
farming requires patience. now,Ọrụ ugbo chọrọ ndidi.
the maize is ready for harvest. later,Ọka dị njikere maka owuwe ihe ubi.
it is important to take care of our health.,Ọ dị mkpa ilekọta ahụike anyị.
the computer is new. later,Kọmputa ahụ dị ọhụrụ.
he has been coughing since yesterday.,Ọ na-asụ ụkwara kemgbe ụnyaahụ.
students need good learning resources.,Ụmụ akwụkwọ chọrọ ezigbo akụrụngwa.
"no, i do not need help. tomorrow","Mba, achọghị m enyemaka."
the file is on the computer. now,Faịlụ ahụ dị na kọmputa.
i have a question.,Enwere m ajụjụ.
good governance makes a community strong.,Ezi ọchịchị na-eme ka obodo sie ike.
we used a machine to harvest the crops.,Ha ji igwe ewe ihe ubi.
the government and the people should work together.,Gọọmenti na ndị mmadụ kwesịrị ịrụkọ ọrụ ọnụ.
that person needs a license.,Onye ahụ chọrọ akwụkwọ ikike.
charity work is important.,Ịrụ ọrụ ebere dị mkpa.
some names remember ancestors. today,Aha ụfọdụ na-echeta ndị nna nna.
the medicine helped reduce the pain. later,Ọgwụ ahụ nyere aka belata ihe mgbu.
justice is important in a community.,Ikpe ziri ezi dị mkpa n'obodo.
the price changed.,Ọnụ ahịa ahụ gbanwere.
the community prepared the place. later,Ndị obodo kwadebere ebe ahụ.
we should respect people with different beliefs. now,Anyị kwesịrị ịkwanyere ndị nwere nkwenkwe dị iche ùgwù.
the service is fast and good.,Ọrụ ahụ dị ngwa ma dị mma.
we feel tired.,Ọ dị m ka ike gwụrụ m.
the old building is part of the town's history.,Ụlọ ochie ahụ bụ akụkụ nke akụkọ obodo.
the student passed the examination. tomorrow,Nwa akwụkwọ ahụ gafere ule ahụ.
i am coming now. now,Abịa m ugbu a.
language preserves the history of a community. tomorrow,Asụsụ na-echekwa akụkọ obodo.
tradition is an important part of igbo life. today,Ọdịnala bụ akụkụ dị mkpa nke ndụ ndị Igbo.
my mother is at home.,Nne m nọ n'ụlọ.
farming is an important occupation.,Ọrụ ugbo bụ ọrụ dị mkpa.
she has a headache.,Ọ na-arịa isi.
he is learning a programming language.,Ọ na-amụ asụsụ mmemme.
high blood pressure can be dangerous. later,Ọbara mgbali elu nwere ike ịdị ize ndụ.
he always helps others. today,Ọ na-enyere ndị ọzọ aka mgbe niile.
he paid through the bank. tomorrow,Ọ kwụrụ ụgwọ site na ụlọ akụ.
they are laughing. later,Ha na-achị ọchị.
good morning. later,Ka chi fo.
a phone is a commonly used device. later,Ekwentị bụ ngwaọrụ a na-ejikarị eme ihe.
the student uses a pencil to write. today,Nwa akwụkwọ ahụ na-eji pensụl ede ihe.
the programmer writes code.,Onye mmemme na-ede koodu.
they sold vegetables at the market.,Ha rere akwụkwọ nri n'ahịa.
business is important for community development. today,Azụmahịa dị mkpa maka mmepe obodo.
they learned new methods of planting. now,Ha mụtara ụzọ ọhụrụ e si akụ ihe.
let us go. tomorrow,Ka anyị gaa.
public hospitals help people.,Ụlọ ọgwụ ọha na-enyere ndị mmadụ aka.
we will come tomorrow.,Aga m abịa echi.
it is important to get vaccinated. today,Ọ dị mkpa ịgba ọgwụ mgbochi ọrịa.
he is learning a programming language. tomorrow,Ọ na-amụ asụsụ mmemme.
the customer called the company. now,Onye ahịa kpọrọ ụlọ ọrụ ahụ.
good morning.,Ụtụtụ ọma.
geography teaches about the world. later,Geography na-akụzi banyere ụwa.
he sleeps for eight hours every night.,Ọ na-ehi ụra awa asatọ kwa abalị.
he built a website.,Ọ wuru weebụsaịtị.
i am here.,Anọ m ebe a.
the celebration went well.,Emume ahụ gara nke ọma.
the customer ordered a product.,Onye ahịa nyere iwu ngwaahịa.
i have an idea. today,Enwere m echiche.
hard work helps a business.,Ịrụsi ọrụ ike na-enyere azụmahịa aka.
the market for farm produce is good today. tomorrow,Ahịa ihe ubi dị mma taa.
the farmer bought maize seeds.,Onye ọrụ ugbo zụtara mkpụrụ ọka.
he is going to work. tomorrow,Ọ na-aga ọrụ.
illness can affect a family.,Ọrịa nwere ike imetụta ezinụlọ.
children should learn good behavior. tomorrow,Ụmụaka kwesịrị ịmụta ezi omume.
people read religious books. now,Ndị mmadụ na-agụ akwụkwọ okpukpe.
we am angry.,Iwe na-ewe m.
the mother took the child to the hospital. tomorrow,Nne kpọgara nwa ahụ ụlọ ọgwụ.
"yes, i need water. today","Eeh, achọrọ m mmiri."
he works full time. later,Ọ na-arụ ọrụ oge niile.
farmers face climate change.,Ndị ọrụ ugbo na-eche ihu mgbanwe ihu igwe.
i love my family. later,Ana m ahụ ezinụlọ m n'anya.
the future will depend on technology.,Ọdịnihu ga-adabere n'ụzụ.
the company uses digital systems.,Ụlọ ọrụ ahụ na-eji usoro dijitalụ.
history is an important subject.,Akụkọ ihe mere eme bụ isiokwu dị mkpa.
i do not understand. tomorrow,Aghọtaghị m.
email helps people send messages. later,Email na-enyere ndị mmadụ izipu ozi.
he takes the medicine twice a day.,Ọ na-aṅụ ọgwụ ugboro abụọ n'ụbọchị.
goodbye.,Ka ọ dị.
machine learning is part of artificial intelligence.,Ọmụmụ igwe bụ akụkụ nke ọgụgụ isi mmadụ.
music is part of igbo culture.,Egwu bụ akụkụ nke omenala Igbo.
learning to code takes time. today,Ịmụ koodu chọrọ oge.
we need to tell you something.,Ọ dị m mkpa ịgwa gị ihe.
learning about culture helps children. later,Ọmụmụ omenala na-enyere ụmụaka aka.
the farmer takes care of his farm every day. now,Onye ọrụ ugbo na-elekọta ubi ya kwa ụbọchị.
good afternoon.,Ehihie ọma.
the business grew quickly.,Azụmahịa ahụ toro ngwa ngwa.
patience is a good quality. today,Ndidi bụ omume ọma.
the family ate together. now,Ezinụlọ ahụ riri nri ọnụ.
nothing happened. later,Ọ dịghị ihe mere.
stand up. tomorrow,Bilie.
i need to eat.,Achọrọ m iri nri.
fever can be a sign of illness.,Ahụ ọkụ nwere ike ịbụ ihe ịrịba ama nke ọrịa.
i want food. later,A chọrọ m nri.
the company listened to customers' opinions. now,Ụlọ ọrụ ahụ gere ntị n'echiche ndị ahịa.
the food is ready.,Nri dị njikere.
there are many things we can do.,Ọtụtụ ihe ka anyị nwere ike ime.
his friends gave him support. now,Ndị enyi nyere ya nkwado.
we am sad.,Ana m enwe mwute.
the students are doing well. later,Ụmụ akwụkwọ na-eme nke ọma.
we have many chickens.,Ha nwere ọtụtụ ọkụkọ.
the family prays together.,Ezinụlọ ahụ na-ekpe ekpere ọnụ.
the school teaches traditional history. tomorrow,Ụlọ akwụkwọ ahụ na-akụzi akụkọ ọdịnala.
she applied for a job.,Ọ tinyere akwụkwọ maka ọrụ.
the child received a vaccination.,Nwa ahụ nwetara ọgwụ mgbochi ọrịa.
some diseases can be prevented. tomorrow,Ọrịa ụfọdụ nwere ike igbochi.
children learned about religion. now,Ụmụaka mụtara ihe n'okpukpe.
i am happy. tomorrow,Ana m enwe obi ụtọ.
the doctor tested his blood. tomorrow,Dọkịta nyochara ọbara ya.
the customer received his product.,Onye ahịa natara ngwaahịa ya.
she returned home.,Ọ lọtara n'ụlọ.
business requires money. now,Azụmahịa chọrọ ego.
we have arrived now.,Abịara m ugbu a.
they celebrated happily. now,Ha ji obi ụtọ mee emume ahụ.
the vegetables are fresh.,Akwụkwọ nri ahụ dị ọhụrụ.
good behavior helps both the individual and the community. tomorrow,Ezi omume na-enyere mmadụ na obodo aka.
the leader listens to the people. today,Onye isi ahụ na-ege ndị mmadụ ntị.
the government supports small businesses.,Gọọmenti na-akwado obere azụmahịa.
i require help.,Achọrọ m enyemaka.
we asked for forgiveness.,Ha rịọrọ mgbaghara.
it is time. later,Oge eruola.
it is important to study every day.,Ọ dị mkpa ịmụ ihe kwa ụbọchị.
the company advertises.,Ụlọ ọrụ ahụ na-eme mgbasa ozi.
we cooked yam and soup.,Ha siri ji na ofe.
that idea is good. tomorrow,Echiche ahụ dị mma.
we should consume nutritious food.,Anyị kwesịrị iri nri na-edozi ahụ.
learning is important.,Ịmụ ihe dị mkpa.
the new product is in the market. today,Ngwaahịa ọhụrụ ahụ dị n'ahịa.
they want to buy more food.,Anyị chọrọ ịzụtakwu nri.
"no, i do not need anything.","Mba, achọghị m ihe ọ bụla."
hope is important during difficult times. tomorrow,Olileanya dị mkpa n'oge nsogbu.
people shared food. now,Ndị mmadụ kesara nri.
he found an error in the code.,Ọ chọtara njehie na koodu ahụ.
this product is good.,Ngwaahịa a dị mma.
i am not feeling well.,Anaghị m enwe ahụ ike.
the community preserves historical places. tomorrow,Ndị obodo na-echekwa ebe akụkọ ihe mere eme.
education helps people. now,Agụmakwụkwọ na-enyere mmadụ aka.
we use traditional items to prepare food.,Ha na-eji ihe ọdịnala akwadebe nri.
language is an important part of culture. now,Asụsụ bụ akụkụ dị mkpa nke omenala.
have a good day. later,Ka ụbọchị ọma.
children need special care. tomorrow,Ụmụaka chọrọ nlekọta pụrụ iche.
he is going to work.,Ọ na-aga ọrụ.
leaders should be accountable.,Ndị isi kwesịrị ịza ajụjụ.
the company hired a new employee. today,Ụlọ ọrụ ahụ goro onye ọrụ ọhụrụ.
the engineer repaired the system. now,Onye injinia meziri usoro ahụ.
the examination will begin tomorrow. today,Ule ahụ ga-amalite echi.
the teacher teaches the students.,Onye nkuzi na-akụzi ụmụ akwụkwọ.
this job requires skills.,Ọrụ a chọrọ nkà.
stress can affect the body and mind.,Nrụgide nwere ike imetụta ahụ na uche.
business provides people with job opportunities. later,Azụmahịa na-enye ndị mmadụ ohere ọrụ.
history teaches us lessons. today,Akụkọ ihe mere eme na-akụziri anyị ihe.
modern methods make farming easier.,Ụzọ ọgbara ọhụrụ na-eme ka ọrụ ugbo dị mfe.
the student is reading a book. tomorrow,Nwa akwụkwọ na-agụ akwụkwọ.
people adopt new technology.,Ndị mmadụ na-anabata teknụzụ ọhụrụ.
the leader gave advice.,Onye nduzi nyere ndụmọdụ.
diseases can harm crops.,Ọrịa nwere ike imerụ ihe ọkụkụ.
the priest leads the worship service. later,Onye ụkọchukwu na-eduzi ofufe.
the entrepreneur borrowed money.,Onye ọchụnta ego gbaziri ego.
the students are in the classroom. today,Ụmụ akwụkwọ nọ na klaasị.
please help me.,Biko nyere m aka.
domestic animals need food. later,Anụ ụlọ chọrọ nri.
tradition is an important part of igbo life.,Ọdịnala bụ akụkụ dị mkpa nke ndụ ndị Igbo.
elders give advice.,Ndị okenye na-enye ndụmọdụ.
peace is important in a community.,Udo dị mkpa n'obodo.
they found a solution to the problem.,Ha chọtara ngwọta maka nsogbu ahụ.
the children helped their parents on the farm.,Ụmụaka nyere nne na nna ha aka n'ubi.
he created a strong password. tomorrow,Ọ mepụtara paswọọdụ siri ike.
the entrepreneur made a plan.,Onye ọchụnta ego mere atụmatụ.
the doctor asked the patient questions.,Dọkịta jụrụ onye ọrịa ajụjụ.
the customer has a question. tomorrow,Onye ahịa nwere ajụjụ.
students need good learning resources. now,Ụmụ akwụkwọ chọrọ ezigbo akụrụngwa.
he went for a medical checkup.,Ọ gara nyocha ahụike.
they named the child after his grandfather. tomorrow,Ha kpọrọ nwa ahụ aha nna nna ya.
what is this?,Gịnị ka nke a bụ?
people expect good governance.,Ndị mmadụ na-atụ anya ezi ọchịchị.
he forgave his friend. later,Ọ gbaghara enyi ya.
it is important to get vaccinated.,Ọ dị mkpa ịgba ọgwụ mgbochi ọrịa.
the programmer checked the code.,Onye mmemme nyochara koodu ahụ.
"yes, i need help. later","Ee, achọrọ m enyemaka."
we will see you tomorrow.,Anyị ga-ahụ gị echi.
the family is the foundation of the community. later,Ezinụlọ bụ isi obodo.
he received the file.,Ọ natara faịlụ ahụ.
i am angry. tomorrow,Iwe na-ewe m.
names are an important part of culture. now,Aha bụ akụkụ dị mkpa nke omenala.
they listened to the speech.,Ha gere okwu ahụ ntị.
we prepared food for the visitors.,Ha kwadebere nri maka ndị ọbịa.
he gains strength from his religion. today,Ọ na-enweta ume site n'okpukpe ya.
thank you very much.,Daalụ nke ukwuu.
the camera is not working. later,Igwefoto ahụ anaghị arụ ọrụ.
students should work hard.,Ụmụ akwụkwọ kwesịrị ịrụsi ọrụ ike.
i am looking for my friend. now,Ana m achọ enyi m.
the children come to school on time.,Ụmụaka na-abịa n'ụlọ akwụkwọ n'oge.
students use computers to learn. today,Ụmụ akwụkwọ na-eji kọmputa amụ ihe.
i am at home. now,Anọ m n'ụlọ.
he is telling the truth. later,Ọ na-ekwu eziokwu.
"yes, i understand.","Ee, aghọtara m."
the company lost money. now,Ụlọ ọrụ ahụ tụfuru ego.
"yes, i need water.","Eeh, achọrọ m mmiri."
he needs to rest. later,Ọ chọrọ izu ike.
i am angry.,Iwe na-ewe m.
his work is good. today,Ọrụ ya dị mma.
he called the technician. today,Ọ kpọrọ onye na-ahụ maka teknụzụ.
the igbo people respect their ancestors. today,Ndị Igbo na-asọpụrụ ndị nna nna ha.
welcome. tomorrow,Nnọọ.
the programmer fixed the error.,Onye mmemme meziri njehie ahụ.
cleanliness helps prevent disease.,Ịdị ọcha na-enyere aka igbochi ọrịa.
children should eat healthy food. later,Ụmụaka kwesịrị iri nri dị mma.
adequate sleep is important. today,Ụra zuru oke dị mkpa.
open the door.,Mepee ụzọ.
how are you? now,Kedu ka ị mere?
the student attended an online class.,Nwa akwụkwọ ahụ gara klasị n'ịntanetị.
she learned a new skill.,Ọ mụtara nkà ọhụrụ.
computer hardware is important. tomorrow,Akụrụngwa kọmputa dị mkpa.
he uses the internet every day.,Ọ na-eji ịntanetị kwa ụbọchị.
the answer is easy. now,Azịza ya dị mfe.
the day is beautiful. today,Ụbọchị ahụ mara mma.
they are here.,Anyị nọ ebe a.
the customer gave his opinion. now,Onye ahịa nyere echiche ya.
he paid the debt on time. later,Ọ kwụrụ ụgwọ ahụ n'oge.
we remember the stories of our ancestors.,Anyị na-echeta akụkọ ndị nna nna anyị.
the human body needs good food. later,Ahụ mmadụ chọrọ ezigbo nri.
a robot can perform some tasks. today,Robot nwere ike ịrụ ụfọdụ ọrụ.
the company is looking for new employees. now,Ụlọ ọrụ ahụ na-achọ ndị ọrụ ọhụrụ.
will you arrive tomorrow?,Ị ga-abịa echi?
education opens the way to the future.,Agụmakwụkwọ na-emeghe ụzọ maka ọdịnihu.
hardware can become old.,Akụrụngwa nwere ike ịka nká.
he forgave his friend.,Ọ gbaghara enyi ya.
farmers provide food for the community.,Ndị ọrụ ugbo na-enye obodo nri.
he studied well.,Ọ gụrụ akwụkwọ nke ọma.
they planted maize.,Ha kụrụ ọka.
the teacher answered their questions. now,Onye nkuzi zara ajụjụ ha.
the name has a meaning. later,Aha ahụ nwere ihe ọ pụtara.
the community needs electricity. tomorrow,Obodo chọrọ ọkụ eletrik.
we want to know what customers want.,Ha chọrọ ịmata ihe ndị ahịa chọrọ.
fruits are good for health.,Mkpụrụ osisi dị mma maka ahụike.
the customer has a question.,Onye ahịa nwere ajụjụ.
they paid the rent. today,Ha kwụrụ ụgwọ ụlọ.
they study english at school. later,Ha na-amụ Bekee n'ụlọ akwụkwọ.
the company provides different services. now,Ụlọ ọrụ ahụ na-enye ọrụ dị iche iche.
they helped the customer.,Ha nyere onye ahịa aka.
mental health is also important. later,Ahụike uche dịkwa mkpa.
the shop opened in the morning. tomorrow,Ụlọ ahịa ahụ meghere n'ụtụtụ.
this is a book.,Nke a bụ akwụkwọ.
pollution damages the environment.,Gbururu na-emebi gburugburu ebe obibi.
they should eat nutritious food.,Anyị kwesịrị iri nri na-edozi ahụ.
we will call you tomorrow.,Aga m akpọ gị echi.
teachers tell stories about the community. tomorrow,Ndị nkuzi na-akọ akụkọ banyere obodo.
they import products.,Ha na-ebubata ngwaahịa.
they helped the customer. tomorrow,Ha nyere onye ahịa aka.
students use computers to learn.,Ụmụ akwụkwọ na-eji kọmputa amụ ihe.
we sell food at the market.,Ha na-ere nri n'ahịa.
the company operates in different cities.,Ụlọ ọrụ ahụ na-arụ ọrụ n'obodo dị iche iche.
she sent an email in the morning.,Ọ zitere email n'ụtụtụ.
he has a severe headache.,Isi na-arịa ya nke ukwuu.
the employee received his salary. now,Onye ọrụ nwetara ụgwọ ọnwa ya.
the visitor gave a speech. now,Onye ọbịa kwuru okwu.
i do not know.,Amaghị m.
the vehicle carried the product.,Ụgbọala bu ngwaahịa ahụ.
she replied to the email.,Ọ zara email ahụ.
the worker checked the system. today,Onye ọrụ nyochara usoro ahụ.
he took a photo with his phone. now,Ọ sere foto site na ekwentị ya.
we am also happy to meet you.,Obi dịkwa m ụtọ izute gị.
the doctor tested his blood.,Dọkịta nyochara ọbara ya.
rest helps the patient. today,Izu ike na-enyere onye ọrịa aka.
the night is quiet.,Abalị dị jụụ.
do you understand?,Ị ghọtara?
the celebration took place in the town.,Emume ahụ mere n'obodo.
he does not always take his medicine. now,Ọ naghị aṅụ ọgwụ ya mgbe niile.
the citizens need jobs.,Ndị obodo chọrọ ọrụ.
the farmer measured holes for the seeds.,Onye ọrụ ugbo tụrụ oghere maka mkpụrụ.
the farmer attended training.,Onye ọrụ ugbo gara ọzụzụ.
the patient should check his health.,Onye ọrịa kwesịrị ịlele ahụike ya.
the government supports education. today,Gọọmenti na-akwado agụmakwụkwọ.
they organized the farm work well.,Anyị haziri ọrụ ubi nke ọma.
culture changes over time. today,Omenala na-agbanwe ka oge na-aga.
she uses a computer to work.,Ọ na-eji kọmputa arụ ọrụ.
the farmer bought a tractor. today,Onye ọrụ ugbo zụtara traktọ.
development requires the support of the people.,Mmepe chọrọ nkwado nke ndị mmadụ.
we helped the customer.,Ha nyere onye ahịa aka.
the new generation learns from elders.,Ọgbọ ọhụrụ na-amụta ihe n'aka ndị okenye.
hope helps a person move forward. now,Olileanya na-enyere mmadụ aka ịga n'ihu.
the student likes science.,Nwa akwụkwọ ahụ hụrụ sayensị n'anya.
we should eat nutritious food.,Anyị kwesịrị iri nri na-edozi ahụ.
the cost of the business increased. today,Ọnụ ego azụmahịa ahụ mụbara.
we expect a good harvest.,Anyị na-atụ anya ezigbo owuwe ihe ubi.
we should learn from history. now,Anyị kwesịrị ịmụta ihe n'akụkọ ihe mere eme.
the children enjoyed the celebration.,Ụmụaka nwere ọṅụ n'emume ahụ.
he received a new email.,Ọ natara email ọhụrụ.
it is important to live in peace. now,Ọ dị mkpa ibi ndụ n'udo.
good behavior helps the community.,Ezi omume na-enyere obodo aka.
they store the harvest in a warehouse. tomorrow,Ha na-echekwa ihe ubi n'ụlọ nkwakọba ihe.
traditional clothing shows a person's culture.,Uwe ọdịnala na-egosi omenala mmadụ.
open the book. today,Mepee akwụkwọ.
the company conducts market research.,Ụlọ ọrụ ahụ na-eme nyocha ahịa.
the medicine helped reduce the pain.,Ọgwụ ahụ nyere aka belata ihe mgbu.
the government should listen to the people.,Gọọmenti kwesịrị ige ndị mmadụ ntị.
i feel tired.,Ọ dị m ka ike gwụrụ m.
what happened? tomorrow,Gịnị mere?
i live in this town.,Ana m ebi n'obodo a.
that yam is big.,Ji ahụ buru ibu.
the teacher explained it again.,Onye nkuzi kọwara ya ọzọ.
they thanked god for the food. today,Ha kelere Chineke maka nri.
she saved the document.,Ọ chekwaara akwụkwọ ahụ.
she downloaded a new application.,Ọ budatara ngwa ọhụrụ.
traditional food reflects the history of a community. later,Nri ọdịnala na-egosi akụkọ obodo.
people help one another.,Ndị mmadụ na-enyere ibe ha aka.
we finished their homework.,Ha rụchara ọrụ ụlọ ha.
the leader made a promise. now,Onye isi ahụ kwere nkwa.
the igbo people have many traditions. today,Ndị Igbo nwere ọtụtụ omenala.
the student got a high mark. later,Nwa akwụkwọ ahụ nwetara akara dị elu.
the neighbors helped the farmer. later,Ndị agbata obi nyere onye ọrụ ugbo aka.
people wore beautiful clothes for the celebration. later,Ndị mmadụ yi uwe mara mma maka emume.
the child has a fever. later,Nwa ahụ nwere ahụ ọkụ.
my father went to work.,Nna m gara ọrụ.
where is the book?,Ebee ka akwụkwọ ahụ dị?
he stores data in a database. now,Ọ na-echekwa data n'ime nchekwa.
he has stomach pain.,Ọ na-enwe ihe mgbu n'afọ.
she has had a fever for two days.,Ọ na-enwe ahụ ọkụ kemgbe ụbọchị abụọ.
we should respect people with different beliefs.,Anyị kwesịrị ịkwanyere ndị nwere nkwenkwe dị iche ùgwù.
the citizens have rights. now,Ndị obodo nwere ikike.
we should learn from history.,Anyị kwesịrị ịmụta ihe n'akụkọ ihe mere eme.
can you tell me?,Ị nwere ike ịgwa m?
health workers work hard.,Ndị ọrụ ahụike na-arụsi ọrụ ike.
some diseases can be prevented.,Ọrịa ụfọdụ nwere ike igbochi.
healthy food helps health. now,Nri dị mma na-enyere ahụike aka.
university students conduct research.,Ụmụ akwụkwọ mahadum na-eme nchọpụta.
what do you want?,Gịnị ka ị chọrọ?
the farmer raises cattle. later,Onye ọrụ ugbo na-azụ ehi.
the hospital is nearby. later,Ụlọ ọgwụ ahụ dị nso.
customer service is important.,Ọrụ ndị ahịa dị mkpa.
it is important to take care of our health. today,Ọ dị mkpa ilekọta ahụike anyị.
they removed weeds from the farm.,Ha wepụrụ ahịhịa n'ubi.
what are you doing?,Ị na-eme gịnị?
he exercises every morning.,Ọ na-eme mmega ahụ kwa ụtụtụ.
he has a severe headache. later,Isi na-arịa ya nke ukwuu.
the farmer clears the farm. now,Onye ọrụ ugbo na-asacha ubi.
health is very important. now,Ahụike dị ezigbo mkpa.
many people love traditional music. later,Ọtụtụ mmadụ hụrụ egwu ọdịnala n'anya.
the engineer repaired the system.,Onye injinia meziri usoro ahụ.
they study mathematics. today,Ha na-amụ mgbakọ na mwepụ.
people work together with the government.,Ndị mmadụ na-arụkọ ọrụ na gọọmenti.
they did group work.,Ha mere ọrụ otu.
fruits are good for health. today,Mkpụrụ osisi dị mma maka ahụike.
i understand.,Aghọtara m.
we want to learn.,Achọrọ m ịmụ ihe.
disease can affect a person.,Ọrịa nwere ike imetụta mmadụ.
the message arrived on time. later,Ozi ahụ bịara n'oge.
what time is it?,Kedu oge ọ bụ?
they will move forward.,Anyị ga-aga n'ihu.
i live in this town. now,Ana m ebi n'obodo a.
they gathered the harvest.,Ha kpọkọtara ihe ubi.
people use music for celebrations.,Ndị mmadụ na-eji egwu eme emume.
he received his document.,Ọ natara akwụkwọ ya.
she washes his hands before eating.,Ọ na-asa aka ya tupu o rie nri.
people registered their names. today,Ndị mmadụ debara aha ha.
the children sat and listened to the story.,Ụmụaka nọdụrụ gee akụkọ ahụ ntị.
we met today. tomorrow,Anyị zutere taa.
dancing is part of the celebration. now,Ịgba egwu bụ akụkụ nke emume.
she does homework.,Ọ na-eme ihe omume ụlọ.
i do not like it. later,Ọ masịghị m.
forgiving a person is good. now,Ịgbaghara mmadụ bụ ihe ọma.
technology has advantages and disadvantages. later,Ụzụ nwere uru na ọghọm.
the patient should tell the doctor everything. now,Onye ọrịa kwesịrị ịgwa dọkịta ihe niile.
she has pain in his body.,Ọ na-enwe ihe mgbu n'ahụ.
the internet helps students learn. later,Ịntanetị na-enyere ụmụ akwụkwọ aka ịmụ ihe.
diabetes requires regular care. today,Ọrịa shuga chọrọ nlekọta mgbe niile.
education is essential for community development. now,Agụmakwụkwọ bụ isi ihe na mmepe obodo.
his salary is good.,Ụgwọ ọnwa ya dị mma.
the file is on the computer.,Faịlụ ahụ dị na kọmputa.
the branch is in another city.,Alaka ahụ dị n'obodo ọzọ.
i require to tell you something.,Ọ dị m mkpa ịgwa gị ihe.
he sent an email in the morning. today,Ọ zitere email n'ụtụtụ.
we should eat nutritious food. today,Anyị kwesịrị iri nri na-edozi ahụ.
it is important to drink enough water. now,Ọ dị mkpa ịṅụ mmiri zuru oke.
the government builds schools.,Gọọmenti na-arụ ụlọ akwụkwọ.
the employee received his salary.,Onye ọrụ nwetara ụgwọ ọnwa ya.
agriculture helps the community develop. today,Ọrụ ugbo na-enyere obodo aka ito eto.
we am coming now.,Abịa m ugbu a.
the answer is easy.,Azịza ya dị mfe.
the worker repaired the computer. later,Onye ọrụ ahụ rụziri kọmputa.
we are here. later,Anyị nọ ebe a.
she backs up his files.,Ọ na-echekwa faịlụ ya.
people sang during the worship service. now,Ndị mmadụ bụrụ abụ n'oge ofufe.
books help students.,Akwụkwọ na-enyere ụmụ akwụkwọ aka.
people should protect the environment. today,Ndị mmadụ kwesịrị ichekwa gburugburu ebe obibi.
he is studying for his examination. later,Ọ na-amụ maka ule ya.
they should support farmers.,Anyị kwesịrị ịkwado ndị ọrụ ugbo.
do you have time? later,Ị nwere oge?
healthcare helps people live longer lives. today,Nlekọta ahụike na-enyere ndị mmadụ aka ibi ndụ ogologo.
he wants to go to university. today,Ọ chọrọ ịga mahadum.
the company is looking for new employees.,Ụlọ ọrụ ahụ na-achọ ndị ọrụ ọhụrụ.
we am at home.,Anọ m n'ụlọ.
i need food.,A chọrọ m nri.
i am going to school. today,Aga m ụlọ akwụkwọ.
talking to someone can help.,Ịgwa mmadụ okwu nwere ike inye aka.
many people seek a good life. now,Ọtụtụ mmadụ na-achọ ndụ dị mma.
beliefs give some people strength.,Nkwenkwe na-enye ụfọdụ mmadụ ume.
the name has a meaning.,Aha ahụ nwere ihe ọ pụtara.
they cooked yam and soup. tomorrow,Ha siri ji na ofe.
i want to learn.,Achọrọ m ịmụ ihe.
i am going to the market. tomorrow,Anọ m na-aga ahịa.
the student borrowed a book. tomorrow,Nwa akwụkwọ ahụ gbaziri akwụkwọ.
clean water is important.,Mmiri dị ọcha dị mkpa.
he has a headache. tomorrow,Ọ na-arịa isi.
handwashing prevents the spread of disease. later,Ịsa aka na-egbochi mgbasa ọrịa.
the computer is new.,Kọmputa ahụ dị ọhụrụ.
i will come tomorrow. tomorrow,Aga m abịa echi.
she works with web technology.,Ọ na-eji teknụzụ webụ arụ ọrụ.
the mother takes care of her child. later,Nne na-elekọta nwa ya.
the farmer repaired his machine. later,Onye ọrụ ugbo rụziri igwe ya.
come here.,Bịa ebe a.
write your name. now,Dee aha gị.
they discussed the business. today,Ha kwurịtara banyere azụmahịa.
the student studies computer science.,Nwa akwụkwọ ahụ na-amụ sayensị kọmputa.
he learned something new. today,Ọ mụtara ihe ọhụrụ.
vegetables contain many vitamins. now,Akwụkwọ nri nwere ọtụtụ vitamin.
do you have a phone? tomorrow,Ị nwere ekwentị?
people speak different languages. today,Ndị mmadụ na-asụ asụsụ dị iche iche.
the community preserves historical places.,Ndị obodo na-echekwa ebe akụkọ ihe mere eme.
do you know this place?,Ị maara ebe a?
the customer paid for the product.,Onye ahịa kwụrụ ụgwọ ngwaahịa ahụ.
she stores data in a database.,Ọ na-echekwa data n'ime nchekwa.
the new law came into effect. now,Iwu ọhụrụ ahụ malitere ịrụ ọrụ.
peace is important in a community. tomorrow,Udo dị mkpa n'obodo.
a website provides information.,Weebụsaịtị na-enye ozi.
jobs help families. today,Ọrụ na-enyere ezinụlọ aka.
truth is important in life.,Eziokwu dị mkpa na ndụ.
livestock farming brings income. now,Ọzụzụ anụ ụlọ na-eweta ego.
the government builds roads. tomorrow,Gọọmenti na-arụ ụzọ.
the family goes to worship together.,Ezinụlọ na-aga ofufe ọnụ.
leaders should be accountable. now,Ndị isi kwesịrị ịza ajụjụ.
she found the information online.,Ọ chọtara ozi ahụ n'ịntanetị.
the leader thanked the people.,Onye nduzi kelere ndị mmadụ.
the students are in the classroom.,Ụmụ akwụkwọ nọ na klaasị.
the student is going to school. today,Nwa akwụkwọ na-aga ụlọ akwụkwọ.
children should know their culture. now,Ụmụaka kwesịrị ịma omenala ha.
transparency is important in governance. tomorrow,Nghọta dị mkpa na ọchịchị.
the doctor gave the patient medicine. today,Dọkịta nyere onye ọrịa ọgwụ.
it is important to be careful during an outbreak. later,Ọ dị mkpa ịkpachara anya n'oge ọrịa.
the classroom is clean. today,Klaasị ahụ dị ọcha.
read the book.,Gụọ akwụkwọ ahụ.
the musicians play musical instruments. later,Ndị egwu na-akpọ ngwá egwu.
he needs to rest.,Ọ chọrọ izu ike.
the employee works hard. today,Onye ọrụ na-arụsi ọrụ ike.
good afternoon. today,Ehihie ọma.
he saved the document. later,Ọ chekwaara akwụkwọ ahụ.
we sold many products.,Ha rere ọtụtụ ngwaahịa.
they should work together.,Anyị kwesịrị ịrụkọ ọrụ ọnụ.
the business is doing well.,Azụmahịa ahụ na-aga nke ọma.
people cook traditional food at celebrations.,Ndị mmadụ na-esi nri ọdịnala n'emume.
people wear traditional clothing for celebrations.,Ndị mmadụ na-eji akwa eme emume.
we met today.,Anyị zutere taa.
farming has challenges. now,Ọrụ ugbo nwere ihe ịma aka.
the phone has a camera. tomorrow,Ekwentị ahụ nwere igwefoto.
send me a message.,Zipụ m ozi.
i am also happy to meet you.,Obi dịkwa m ụtọ izute gị.
his friends give him advice. now,Ndị enyi ya na-enye ya ndụmọdụ.
people should tell the truth. today,Ndị mmadụ kwesịrị ikwu eziokwu.
the doctor conducted an examination. tomorrow,Dọkịta mere nyocha.
farming requires patience.,Ọrụ ugbo chọrọ ndidi.
igbo is the language of the igbo people.,Igbo bụ asụsụ ndị Igbo.
the children enjoyed the celebration. later,Ụmụaka nwere ọṅụ n'emume ahụ.
he went to a government office. tomorrow,Ọ gara ụlọ ọrụ gọọmenti.
they should learn from history.,Anyị kwesịrị ịmụta ihe n'akụkọ ihe mere eme.
people wore beautiful clothes for the celebration.,Ndị mmadụ yi uwe mara mma maka emume.
the business made a large profit. today,Azụmahịa ahụ nwetara nnukwu uru.
love brings people together. tomorrow,Ịhụnanya na-eme ka ndị mmadụ dịrị n'otu.
dancing is part of the celebration.,Ịgba egwu bụ akụkụ nke emume.
computer skills help a person find a job.,Nkà kọmputa na-enyere mmadụ aka ịchọta ọrụ.
he sleeps for eight hours every night. today,Ọ na-ehi ụra awa asatọ kwa abalị.
the government provides public services. tomorrow,Gọọmenti na-enye ọrụ ọha.
she learned something new.,Ọ mụtara ihe ọhụrụ.
let us talk. later,Ka anyị kwuo okwu.
go there.,Gaa ebe ahụ.
he received his document. tomorrow,Ọ natara akwụkwọ ya.
the government supports public health. later,Gọọmenti na-akwado ahụike ọha.
he opened the file.,Ọ mepere faịlụ ahụ.
who are you looking for?,Onye ka ị na-achọ?
it is important to seek help early. tomorrow,Ọ dị mkpa ịchọ enyemaka n'oge.
the leader made a promise.,Onye isi ahụ kwere nkwa.
heavy rain can damage crops. later,Oké mmiri ozuzo nwere ike imebi ihe ubi.
members of the community support one another. later,Ndị obodo na-akwado ibe ha.
she is going to work.,Ọ na-aga ọrụ.
the teacher gave marks. later,Onye nkuzi nyere akara.
i will come tomorrow.,Aga m abịa echi.
the traditional celebration began in the morning.,Emume ọdịnala ahụ malitere n'ụtụtụ.
have a good day.,Ka ụbọchị ọma.
the work is still continuing. now,Ọrụ ahụ ka na-aga n'ihu.
the teacher sent learning materials online.,Onye nkuzi zitere ihe ọmụmụ n'ịntanetị.
the patient went to the hospital early. today,Onye ọrịa gara ụlọ ọgwụ n'oge.
the traditional clothing is beautiful. now,Uwe ọdịnala ahụ mara mma.
the price of yam decreased.,Ọnụ ahịa ji dara.
it is important to learn to forgive. today,Ọ dị mkpa ịmụta ịgbaghara.
she studied well.,Ọ gụrụ akwụkwọ nke ọma.
look at this. today,Lee nke a.
i will see you later. now,Aga m ahụ gị ma emechaa.
she paid through the bank.,Ọ kwụrụ ụgwọ site na ụlọ akụ.
drinking water is important. now,Ịṅụ mmiri dị mkpa.
the device works well. tomorrow,Ngwaọrụ ahụ na-arụ ọrụ nke ọma.
we sold vegetables at the market.,Ha rere akwụkwọ nri n'ahịa.
she took a photo with his phone.,Ọ sere foto site na ekwentị ya.
family members support one another. later,Ndị ezinụlọ na-akwado ibe ha.
i will help you.,Aga m enyere gị aka.
the business has a major challenge.,Azụmahịa ahụ nwere nnukwu ihe ịma aka.
it rained well. tomorrow,Mmiri ozuzo dara nke ọma.
the teacher wrote on the board.,Onye nkuzi dere n'elu bọọdụ.
the weather is good. now,Ihu igwe dị mma.
he recovered after receiving treatment.,Ọ gbakere mgbe ọ nwetara ọgwụgwọ.
tell me what happened.,Gwa m ihe merenụ.
the family respects their traditions.,Ezinụlọ ahụ na-asọpụrụ omenala ha.
they plant seeds in rows. later,Ha na-akụ mkpụrụ n'ahịrị.
equipment should be in good condition.,Ngwá ọrụ kwesịrị ịdị mma.
the patient went to the hospital. later,Onye ọrịa gara ụlọ ọgwụ.
they want to improve their service. tomorrow,Ha chọrọ ime ka ọrụ ha ka mma.
iron is important for the body.,Ígwè dị mkpa maka ahụ.
the music is enjoyable.,Egwu ahụ na-atọ ụtọ.
she is studying for his examination.,Ọ na-amụ maka ule ya.
the priest leads the worship service.,Onye ụkọchukwu na-eduzi ofufe.
the manager gave a new instruction.,Onye njikwa nyere iwu ọhụrụ.
do you need anything?,Ị chọrọ ihe ọ bụla?
the customer bought a bag of rice. today,Onye ahịa zụtara akpa osikapa.
she rests when he is tired.,Ọ na-ezu ike mgbe ọ gwụrụ ike.
we know.,Ama m.
no problem. tomorrow,Enweghị nsogbu.
he asks for guidance.,Ọ na-arịọ maka nduzi.
research is important in education. now,Nchọpụta dị mkpa na agụmakwụkwọ.
hardware can become old. tomorrow,Akụrụngwa nwere ike ịka nká.
it is important to eat different foods. tomorrow,Ọ dị mkpa iri nri dị iche iche.
many people pray every day.,Ọtụtụ mmadụ na-ekpe ekpere kwa ụbọchị.
we am afraid.,Atụrụ m egwu.
i will not forget it. tomorrow,Agaghị m echefu ya.
the future will be good.,Ọdịnihu ga-adị mma.
he uses a computer to work.,Ọ na-eji kọmputa arụ ọrụ.
the plan is good.,Atụmatụ ahụ dị mma.
disease can affect a community. later,Ọrịa nwere ike imetụta obodo.
the customer is satisfied.,Onye ahịa nwere afọ ojuju.
the student studies computer science. tomorrow,Nwa akwụkwọ ahụ na-amụ sayensị kọmputa.
leaders serve the community.,Ndị isi na-eje ozi nye obodo.
i am happy. later,Enwere m obi ụtọ.
it is important to use public money properly. today,Ọ dị mkpa iji ego ọha mee ihe nke ọma.
hard work brings success.,Ọrụ siri ike na-eweta ihe ịga nke ọma.
i am happy.,Enwere m obi ụtọ.
the children are playing.,Ụmụaka na-egwu egwu.
they advertised a new product.,Ha kpọsara ngwaahịa ọhụrụ.
it is important to avoid too much stress.,Ọ dị mkpa izere nrụgide dị ukwuu.
proper planting increases the harvest.,Ịkụ ihe n'ụzọ ziri ezi na-abawanye ihe ubi.
the government supports public health.,Gọọmenti na-akwado ahụike ọha.
the students asked many questions.,Ụmụ akwụkwọ jụrụ ọtụtụ ajụjụ.
they finished their homework. tomorrow,Ha rụchara ọrụ ụlọ ha.
the customer bought a bag of rice.,Onye ahịa zụtara akpa osikapa.
they wrote down their lessons. later,Ha debere ihe ọmụmụ ha.
members of the community support one another.,Ndị obodo na-akwado ibe ha.
he uses technology for learning.,Ọ na-eji teknụzụ eme mmụta.
he gains strength from his religion.,Ọ na-enweta ume site n'okpukpe ya.
the students understood the lesson. later,Ụmụ akwụkwọ ghọtara ihe ọmụmụ ahụ.
many people start small businesses. today,Ọtụtụ ndị na-amalite obere azụmahịa.
do you need help?,Ị chọrọ enyemaka?
i need help. tomorrow,Achọrọ m enyemaka.
the community uses igbo during celebrations. tomorrow,Ndị obodo na-eji Igbo eme emume.
it is important to update software. today,Ọ dị mkpa imelite ngwanrọ.
the goat ate grass. tomorrow,Ewu ahụ riri ahịhịa.
the government keeps public records.,Gọọmenti na-echekwa ndekọ obodo.
she is telling the truth.,Ọ na-ekwu eziokwu.
the citizens require jobs.,Ndị obodo chọrọ ọrụ.
dry soil does not help crops.,Ala kpọrọ nkụ anaghị enyere ihe ọkụkụ aka.
we study science.,Ha na-amụ sayensị.
the government creates job opportunities. today,Gọọmenti na-emepụta ohere ọrụ.
open the door. tomorrow,Mepee ụzọ.
the student borrowed a book.,Nwa akwụkwọ ahụ gbaziri akwụkwọ.
the stories of ancestors are important.,Akụkọ ndị nna nna dị mkpa.
people should help one another.,Ndị mmadụ kwesịrị inyere ibe ha aka.
people should tell the truth.,Ndị mmadụ kwesịrị ikwu eziokwu.
we discussed the business.,Ha kwurịtara banyere azụmahịa.
the product arrived on time. later,Ngwaahịa ahụ rutere n'oge.
the teacher stood in front of the classroom. later,Onye nkuzi guzoro n'ihu klaasị.
the family is the foundation of the community.,Ezinụlọ bụ isi obodo.
the vegetables are fresh. now,Akwụkwọ nri ahụ dị ọhụrụ.
i am also happy to meet you. now,Obi dịkwa m ụtọ izute gị.
they use paper to write. later,Ha na-eji akwụkwọ ede ihe.
the community needs security. now,Obodo chọrọ nchekwa.
it is important to use water wisely. today,Ọ dị mkpa iji mmiri mee ihe nke ọma.
pollution damages the environment. later,Gbururu na-emebi gburugburu ebe obibi.
they discussed the business plan. now,Ha tụlere atụmatụ azụmahịa ahụ.
the family ate together.,Ezinụlọ ahụ riri nri ọnụ.
the new building is being constructed.,Ụlọ ọhụrụ ahụ na-ewu.
they want to know what customers want. today,Ha chọrọ ịmata ihe ndị ahịa chọrọ.
we should support farmers.,Anyị kwesịrị ịkwado ndị ọrụ ugbo.
computer software helps workers.,Ngwa kọmputa na-enyere ndị ọrụ aka.
the doctor conducted an examination.,Dọkịta mere nyocha.
children should go to school.,Ụmụaka kwesịrị ịga ụlọ akwụkwọ.
a tractor helps farmers.,Traktọ na-enyere ndị ọrụ ugbo aka.
they met today.,Anyị zutere taa.
we want to eat.,Achọrọ m iri nri.
we have faith.,Ha nwere okwukwe.
people want to know how their money is used.,Ndị mmadụ chọrọ ịma otú e si eji ego ha.
the priest delivered a sermon. later,Onye ụkọchukwu kọrọ ozi ọma.
the nurse helps the patient.,Nọọsụ na-enyere onye ọrịa aka.
the website is easy to use.,Weebụsaịtị ahụ dị mfe iji.
the office provides public services.,Ụlọ ọrụ ahụ na-enye ọrụ ọha.
he sent the file.,Ọ zipụrụ faịlụ ahụ.
clean water is important. tomorrow,Mmiri dị ọcha dị mkpa.
good governance makes a community strong. now,Ezi ọchịchị na-eme ka obodo sie ike.
children should learn good behavior.,Ụmụaka kwesịrị ịmụta ezi omume.
the book is on the table. now,Akwụkwọ ahụ dị na tebụl.
people work together.,Ndị mmadụ na-arụkọ ọrụ ọnụ.
the advertisement attracted many customers.,Mgbasa ozi ahụ dọtara ọtụtụ ndị ahịa.
the patient described his symptoms.,Onye ọrịa kọwara ihe mgbaàmà ya.
she is learning digital skills.,Ọ na-amụ nkà dijitalụ.
the company has a bank account. now,Ụlọ ọrụ ahụ nwere akaụntụ ụlọ akụ.
good roads help transportation. now,Ụzọ ọma na-enyere njem aka.
i have hope.,Enwere m olileanya.
the shop opened in the morning.,Ụlọ ahịa ahụ meghere n'ụtụtụ.
i need help.,Achọrọ m enyemaka.
the student has a book. now,Nwa akwụkwọ ahụ nwere akwụkwọ.
he goes to a place of worship every week.,Ọ na-aga ebe ofufe kwa izu.
his salary is good. now,Ụgwọ ọnwa ya dị mma.
the microphone is good. tomorrow,Igwe okwu ahụ dị mma.
children should go to school. today,Ụmụaka kwesịrị ịga ụlọ akwụkwọ.
they helped the family.,Ha nyere ezinụlọ ahụ aka.
we pray for their family.,Ha na-ekpe ekpere maka ezinụlọ ha.
the cost of the business increased.,Ọnụ ego azụmahịa ahụ mụbara.
they use traditional items to prepare food.,Ha na-eji ihe ọdịnala akwadebe nri.
people should follow health advice. tomorrow,Ndị mmadụ kwesịrị ịgbaso ndụmọdụ ahụike.
we am thirsty.,Akpịrị na-akpọ m nkụ.
the teacher explained it again. now,Onye nkuzi kọwara ya ọzọ.
we remember it.,Ana m echeta ya.
we want water.,A chọrọ m mmiri.
do you require help?,Ị chọrọ enyemaka?
the school has many classrooms. now,Ụlọ akwụkwọ ahụ nwere ọtụtụ klaasị.
it is important to follow the doctor's instructions.,Ọ dị mkpa ịgbaso ntụziaka dọkịta.
he returned the book. now,Ọ laghachiri akwụkwọ ahụ.
i do not like it.,Ọ masịghị m.
he rests when he is tired. today,Ọ na-ezu ike mgbe ọ gwụrụ ike.
the farmer detects disease in the plants. now,Onye ọrụ ugbo na-achọpụta ọrịa n'osisi.
what time is it? tomorrow,Kedu oge ọ bụ?
the library has many books.,Ọbá akwụkwọ ahụ nwere ọtụtụ akwụkwọ.
many people saw the advertisement.,Ọtụtụ mmadụ hụrụ mgbasa ozi ahụ.
he thanks god every day. tomorrow,Ọ na-ekele Chineke kwa ụbọchị.
we am fine.,Adị m mma.
parents teach their children their beliefs. later,Ndị nne na nna na-akụziri ụmụ ha nkwenkwe ha.
we will meet you tomorrow.,Anyị ga-ahụ gị echi.
we study mathematics.,Ha na-amụ mgbakọ na mwepụ.
drinking alcohol can harm health.,Ịṅụ mmanya na-aba n'anya nwere ike imerụ ahụike.
agriculture provides jobs for many people. now,Ọrụ ugbo na-enye ọtụtụ mmadụ ọrụ.
vitamins help the body. later,Vitamin na-enyere ahụ aka.
it is important to eat different foods.,Ọ dị mkpa iri nri dị iche iche.
it is time to go. later,Ọ bụ oge ịga.
religious celebrations bring families together. tomorrow,Emume okpukpe na-ejikọta ezinụlọ ọnụ.
it is very good.,Ọ dị mma nke ukwuu.
he wants to become a teacher. later,Ọ chọrọ ịghọ onye nkuzi.
regular health checkups are important. today,Nyocha ahụike mgbe niile dị mkpa.
we live in this town.,Ana m ebi n'obodo a.
that person needs a license. now,Onye ahụ chọrọ akwụkwọ ikike.
he uses different applications.,Ọ na-eji ngwa dị iche iche.
the farmer is planting seeds. now,Onye ọrụ ugbo na-akụ mkpụrụ.
he stores data in a database.,Ọ na-echekwa data n'ime nchekwa.
it is important. now,Ọ dị mkpa.
good morning.,Ka chi fo.
different communities have different cultures. today,Obodo dị iche iche nwere omenala dị iche iche.
we will move forward.,Anyị ga-aga n'ihu.
they used chemicals to protect the crops. tomorrow,Ha ji ọgwụ chebe ihe ọkụkụ.
there is no problem.,Enweghị nsogbu.
the entrepreneur made a plan. now,Onye ọchụnta ego mere atụmatụ.
i remember it. tomorrow,Ana m echeta ya.
the maize grew well. today,Ọka toro nke ọma.
vegetables contain many vitamins.,Akwụkwọ nri nwere ọtụtụ vitamin.
they irrigate during the dry season.,Ha na-agba mmiri n'oge ọkọchị.
i am happy.,Ana m enwe obi ụtọ.
the doctor examines the patient.,Dọkịta na-enyocha onye ọrịa.
the children are playing. later,Ụmụaka na-egwu egwu.
what happened?,Gịnị mere?
the men wore traditional clothes.,Ndị nwoke yi uwe ọdịnala.
the old building is part of the town's history. now,Ụlọ ochie ahụ bụ akụkụ nke akụkọ obodo.
the children helped their parents on the farm. now,Ụmụaka nyere nne na nna ha aka n'ubi.
the manager gave a new instruction. tomorrow,Onye njikwa nyere iwu ọhụrụ.
we use paper to write.,Ha na-eji akwụkwọ ede ihe.
we started the work.,Ha malitere ọrụ ahụ.
people shared food.,Ndị mmadụ kesara nri.
learning requires patience. now,Ọmụmụ ihe chọrọ ndidi.
traditional food is part of culture.,Nri ọdịnala bụ akụkụ nke omenala.
a tractor helps farmers. tomorrow,Traktọ na-enyere ndị ọrụ ugbo aka.
the company exports products. later,Ụlọ ọrụ ahụ na-ebupụ ngwaahịa.
the students are studying.,Ụmụ akwụkwọ na-amụ ihe.
traditional stories teach many things.,Akụkọ ọdịnala na-akụzi ọtụtụ ihe.
we have woken up.,Etetaala m.
the house was filled with the smell of food.,Ụlọ ahụ jupụtara n'isi nri.
she withdrew money from the bank.,Ọ wepụtara ego n'ụlọ akụ.
we named the child after his grandfather.,Ha kpọrọ nwa ahụ aha nna nna ya.
computer software helps workers. today,Ngwa kọmputa na-enyere ndị ọrụ aka.
i feel tired. tomorrow,Ọ dị m ka ike gwụrụ m.
love and kindness make the world better.,Ịhụnanya na obiọma na-eme ka ụwa ka mma.
i am hungry.,Agụụ na-agụ m.
the update fixed the problem. later,Mmelite ahụ meziri nsogbu ahụ.
the students read books in the library. later,Ụmụ akwụkwọ na-agụ akwụkwọ n'ọbá akwụkwọ.
new technology appears every year. today,Ụzụ ọhụrụ na-apụta kwa afọ.
unity makes a community strong. now,Ịdị n'otu na-eme ka obodo sie ike.
she asks for guidance.,Ọ na-arịọ maka nduzi.
farmers provide food for the community. now,Ndị ọrụ ugbo na-enye obodo nri.
people helped the sick person.,Ndị mmadụ nyere onye ọrịa aka.
they started the work. today,Ha malitere ọrụ ahụ.
the product came from another city. today,Ngwaahịa ahụ sitere n'obodo ọzọ.
we do not know.,Amaghị m.
the new generation learns from elders. today,Ọgbọ ọhụrụ na-amụta ihe n'aka ndị okenye.
he applied for a job. today,Ọ tinyere akwụkwọ maka ọrụ.
they require money to expand the business.,Ha chọrọ ego iji gbasaa azụmahịa.
that bag of maize is heavy.,Akpa ọka ahụ dị arọ.
she drinks water every day.,Ọ na-aṅụ mmiri kwa ụbọchị.
artificial intelligence learns from data.,Ọgụgụ isi mmadụ na-eji data amụta ihe.
it is important to save seeds. tomorrow,Ọ dị mkpa ịchekwa mkpụrụ.
close the door.,Mechie ụzọ.
she is my good friend.,Ọ bụ ezigbo enyi m.
we should wash our hands regularly. later,Anyị kwesịrị ịsa aka mgbe niile.
he thanks god every day.,Ọ na-ekele Chineke kwa ụbọchị.
it has been a long time. now,Ọ dịla anya.
people travel to worship in the morning.,Ndị mmadụ na-aga ofufe n'ụtụtụ.
the customer called the company.,Onye ahịa kpọrọ ụlọ ọrụ ahụ.
she sleeps for eight hours every night.,Ọ na-ehi ụra awa asatọ kwa abalị.
see you again.,Ka anyị hụ ọzọ.
protecting health is everyone's responsibility.,Ịchekwa ahụike bụ ọrụ onye ọ bụla.
the programmer checked the code. now,Onye mmemme nyochara koodu ahụ.
the weather is good.,Ihu igwe dị mma.
we paid the rent.,Ha kwụrụ ụgwọ ụlọ.
they found a solution to the problem. tomorrow,Ha chọtara ngwọta maka nsogbu ahụ.
he listened to the advice. today,Ọ gere ndụmọdụ ahụ ntị.
a website provides information. today,Weebụsaịtị na-enye ozi.
books help students. later,Akwụkwọ na-enyere ụmụ akwụkwọ aka.
tell me what happened. later,Gwa m ihe merenụ.
i will help you. today,Aga m enyere gị aka.
leaders serve the community. tomorrow,Ndị isi na-eje ozi nye obodo.
the plan is good. tomorrow,Atụmatụ ahụ dị mma.
we read the holy book.,Ha na-agụ akwụkwọ nsọ.
health workers care for patients. now,Ndị ọrụ ahụike na-elekọta ndị ọrịa.
the farmers work on the farm. now,Ndị ọrụ ugbo na-arụ ọrụ n'ubi.
"no, i will not come.","Mba, agaghị m abịa."
the farmer attended training. today,Onye ọrụ ugbo gara ọzụzụ.
many people want this product. tomorrow,Ọtụtụ ndị mmadụ chọrọ ngwaahịa a.
people seek important documents. now,Ndị mmadụ na-achọ akwụkwọ dị mkpa.
he studies computer programming.,Ọ na-amụ mmemme kọmputa.
"yes, i have time.","Ee, enwere m oge."
many people want this product.,Ọtụtụ ndị mmadụ chọrọ ngwaahịa a.
there is no problem. later,Enweghị nsogbu.
the warehouse is full of maize. today,Ụlọ nkwakọba ihe ahụ jupụtara n'ọka.
he learned a new skill. tomorrow,Ọ mụtara nkà ọhụrụ.
the worship service lasted one hour. tomorrow,Ofufe ahụ were otu awa.
security software protects computers. tomorrow,Ngwanrọ nchebe na-echebe kọmputa.
they discussed community problems. now,Ha kwurịtara banyere nsogbu obodo.
the food is delicious.,Nri ahụ na-atọ ụtọ.
agriculture provides jobs for many people.,Ọrụ ugbo na-enye ọtụtụ mmadụ ọrụ.
this soil is good for planting. today,Ala a dị mma maka ịkụ ihe.
the celebration went well. today,Emume ahụ gara nke ọma.
we expect a good harvest. later,Anyị na-atụ anya ezigbo owuwe ihe ubi.
it has been a long time.,Ọ dịla anya.
the software has a problem.,Ngwanrọ ahụ nwere nsogbu.
he recovered after receiving treatment. today,Ọ gbakere mgbe ọ nwetara ọgwụgwọ.
we discussed the business plan.,Ha tụlere atụmatụ azụmahịa ahụ.
the programmer fixed the error. today,Onye mmemme meziri njehie ahụ.
people seek peace. later,Ndị mmadụ na-achọ udo.
what is your name? today,Kedu aha gị?
it is okay. today,Ọ dị mma.
the farmer returned home after sunset. now,Onye ọrụ ugbo laghachiri n'ụlọ mgbe anyanwụ dara.
parents choose their children's names carefully.,Ndị nne na nna na-ahọrọ aha ụmụ ha nke ọma.
the students are writing. later,Ụmụ akwụkwọ na-ede ihe.
we play music during celebrations.,Ha na-akpọ egwu n'oge emume.
the leaders called a meeting. tomorrow,Ndị isi kpọrọ nzukọ.
people expect good governance. later,Ndị mmadụ na-atụ anya ezi ọchịchị.
respecting elders is an important tradition.,Ịkwanyere ndị okenye ùgwù bụ omenala dị mkpa.
we planted maize.,Ha kụrụ ọka.
public schools provide education. today,Ụlọ akwụkwọ ọha na-enye agụmakwụkwọ.
tradition teaches us about our ancestors. today,Ọdịnala na-akụziri anyị ihe gbasara ndị nna nna anyị.
it rained well.,Mmiri ozuzo dara nke ọma.
she takes the medicine twice a day.,Ọ na-aṅụ ọgwụ ugboro abụọ n'ụbọchị.
we gave food to the visitor.,Ha nyere ọbịa nri.
farmers are an important part of the community. later,Ndị ọrụ ugbo bụ akụkụ dị mkpa nke obodo.
they did group work. later,Ha mere ọrụ otu.
welcoming visitors is an important tradition.,Ịnabata ọbịa bụ omenala dị mkpa.
the customer bought the product. tomorrow,Onye ahịa zụtara ngwaahịa ahụ.
"no, i will not come. now","Mba, agaghị m abịa."
the hospital is nearby.,Ụlọ ọgwụ ahụ dị nso.
we will see you tomorrow. later,Anyị ga-ahụ gị echi.
they should wash our hands regularly.,Anyị kwesịrị ịsa aka mgbe niile.
he installed security software.,Ọ wụnyere ngwanrọ nchebe.
do not be afraid. today,Atụla egwu.
cleanliness helps prevent germs. tomorrow,Ịdị ọcha na-enyere aka igbochi nje.
the government provides drinking water. now,Gọọmenti na-enye mmiri ọṅụṅụ.
the employee works hard.,Onye ọrụ na-arụsi ọrụ ike.
we helped the family.,Ha nyere ezinụlọ ahụ aka.
she went to a government office.,Ọ gara ụlọ ọrụ gọọmenti.
this job requires experience. later,Ọrụ a chọrọ ahụmahụ.
i am at home.,Anọ m n'ụlọ.
a password protects an account.,Paswọọdụ na-echekwa akaụntụ.
they transported the product to the shop. today,Ha bufere ngwaahịa ahụ n'ụlọ ahịa.
the town has a long history.,Obodo ahụ nwere akụkọ ogologo.
he is learning digital skills. tomorrow,Ọ na-amụ nkà dijitalụ.
we should respect different cultures.,Anyị kwesịrị ịkwanyere omenala dị iche iche ùgwù.
the people attended a community meeting. tomorrow,Ndị mmadụ gara nzukọ obodo.
they prepared food for the visitors.,Ha kwadebere nri maka ndị ọbịa.
farmers are an important part of the community.,Ndị ọrụ ugbo bụ akụkụ dị mkpa nke obodo.
we should avoid sharing certain items.,Anyị kwesịrị izere ịkekọrịta ihe ụfọdụ.
we do not understand.,Aghọtaghị m.
people respect one another's beliefs.,Ndị mmadụ na-akwanyere nkwenkwe ibe ha ùgwù.
the hospital has equipment.,Ụlọ ọgwụ nwere akụrụngwa.
we harvest the crops on time.,Ha na-ewe ihe ubi n'oge.
he is watering the farm.,Ọ na-agba mmiri n'ubi.
it is hot today.,Ọ dị ọkụ taa.
many families depend on farming. now,Ọtụtụ ezinụlọ na-adabere n'ọrụ ugbo.
people greet one another at celebrations. today,Ndị mmadụ na-enye ibe ha ekele n'emume.
what do you want? today,Gịnị ka ị chọrọ?
disease can affect a person. later,Ọrịa nwere ike imetụta mmadụ.
they sold vegetables at the market. later,Ha rere akwụkwọ nri n'ahịa.
i want to drink water. tomorrow,Achọrọ m ịṅụ mmiri.
healthy food helps health.,Nri dị mma na-enyere ahụike aka.
the government promised to build roads. tomorrow,Gọọmenti kwere nkwa ịrụ ụzọ.
he is my good friend. later,Ọ bụ ezigbo enyi m.
music is part of igbo culture. today,Egwu bụ akụkụ nke omenala Igbo.
the leader thanked the people. today,Onye nduzi kelere ndị mmadụ.
she installed security software.,Ọ wụnyere ngwanrọ nchebe.
the patient should take his medicine. now,Onye ọrịa kwesịrị ịṅụ ọgwụ ya.
the government builds hospitals.,Gọọmenti na-arụ ụlọ ọgwụ.
the business made a large profit.,Azụmahịa ahụ nwetara nnukwu uru.
he listened to the advice.,Ọ gere ndụmọdụ ahụ ntị.
we should wash our hands regularly.,Anyị kwesịrị ịsa aka mgbe niile.
the examination will begin tomorrow.,Ule ahụ ga-amalite echi.
the examination was difficult.,Ule ahụ siri ike.
it is important to register.,Ọ dị mkpa ịdebanye aha.
he uses his phone to call his friend. later,Ọ na-eji ekwentị kpọọ enyi ya.
the patient went to the hospital early.,Onye ọrịa gara ụlọ ọgwụ n'oge.
culture teaches unity.,Omenala na-akụzi ịdị n'otu.
the company lost money.,Ụlọ ọrụ ahụ tụfuru ego.
it is raining.,Mmiri na-ezo.
the market for farm produce is good today.,Ahịa ihe ubi dị mma taa.
they are planting vegetables.,Ha na-akụ akwụkwọ nri.
vitamins help the body.,Vitamin na-enyere ahụ aka.
many people came to the celebration. later,Ọtụtụ ndị mmadụ bịara emume ahụ.
where are you?,Ebee ka ị nọ?
they take good care of the livestock.,Ha na-elekọta anụ ụlọ nke ọma.
children should learn their language. tomorrow,Ụmụaka kwesịrị ịmụ asụsụ ha.
the employee got the job. today,Onye ọrụ ahụ nwetara ọrụ ahụ.
we am happy to meet you.,Obi dị m ụtọ izute gị.
people registered their names.,Ndị mmadụ debara aha ha.
we should respect different cultures. tomorrow,Anyị kwesịrị ịkwanyere omenala dị iche iche ùgwù.
yam is planted during the planting season.,A na-akụ ji n'oge opupu ihe ubi.
it is time to go.,Ọ bụ oge ịga.
i know. today,Ama m.
the teacher answered their questions.,Onye nkuzi zara ajụjụ ha.
the market research was helpful.,Nnyocha ahịa nyere aka.
the chicken laid an egg.,Ọkụkọ ahụ tọrọ akwa.
people gather at the place of worship. later,Ndị mmadụ na-ezukọ n'ebe ofufe.
the farmer clears the farm.,Onye ọrụ ugbo na-asacha ubi.
we advertised a new product.,Ha kpọsara ngwaahịa ọhụrụ.
hard work brings success. later,Ọrụ siri ike na-eweta ihe ịga nke ọma.
many people buy this product.,Ọtụtụ mmadụ na-azụ ngwaahịa a.
it is important to use water wisely.,Ọ dị mkpa iji mmiri mee ihe nke ọma.
where do you live?,Ebee ka ị bi?
the new law came into effect.,Iwu ọhụrụ ahụ malitere ịrụ ọrụ.
the people attended a community meeting.,Ndị mmadụ gara nzukọ obodo.
please say it again. tomorrow,Biko kwuo ya ọzọ.
the university lecturer taught the class. later,Onye nkuzi mahadum kụziri klaasị.
the people gave advice. today,Ndị mmadụ nyere ndụmọdụ.
the community leader has an important responsibility.,Onye isi obodo nwere ọrụ dị mkpa.
people were happy. tomorrow,Ndị mmadụ nwere obi ụtọ.
she has a new phone.,Ọ nwere ekwentị ọhụrụ.
the traditional celebration began in the morning. today,Emume ọdịnala ahụ malitere n'ụtụtụ.
the company sells products.,Ụlọ ọrụ ahụ na-ere ngwaahịa.
many people speak igbo at home. later,Ọtụtụ mmadụ na-asụ Igbo n'ụlọ.
faith gives many people hope. today,Okwukwe na-enye ọtụtụ mmadụ olileanya.
we celebrated happily.,Ha ji obi ụtọ mee emume ahụ.
hope is important during difficult times.,Olileanya dị mkpa n'oge nsogbu.
students study their culture. now,Ụmụ akwụkwọ na-amụ banyere omenala ha.
he went to a government office.,Ọ gara ụlọ ọrụ gọọmenti.
his work is good.,Ọrụ ya dị mma.
fever can be a sign of illness. tomorrow,Ahụ ọkụ nwere ike ịbụ ihe ịrịba ama nke ọrịa.
the farmer works hard.,Onye ọrụ ugbo na-arụsi ọrụ ike.
people need justice.,Ndị mmadụ chọrọ ikpe ziri ezi.
we need to purchase more food.,Anyị chọrọ ịzụtakwu nri.
culture teaches unity. tomorrow,Omenala na-akụzi ịdị n'otu.
it is important to use technology properly.,Ọ dị mkpa iji teknụzụ mee ihe nke ọma.
working together brings peace.,Ịrụkọ ọrụ ọnụ na-eweta udo.
the manager has a meeting.,Onye njikwa nwere nzukọ.
there are many things we can do. tomorrow,Ọtụtụ ihe ka anyị nwere ike ime.
they sold many products. today,Ha rere ọtụtụ ngwaahịa.
the people elected a new leader. tomorrow,Ndị mmadụ họpụtara onye isi ọhụrụ.
they gave money to the poor.,Ha nyere ndị ogbenye ego.
it is not good.,Ọ dịghị mma.
he went to the market.,Ọ gara ahịa.
the illness stopped after treatment.,Ọrịa ahụ kwụsịrị mgbe ọgwụgwọ gasịrị.
they used fertilizer to improve the soil. tomorrow,Ha ji fatịlaịza mee ka ala dị mma.
the farmer raises cattle.,Onye ọrụ ugbo na-azụ ehi.
the farmer detects disease in the plants.,Onye ọrụ ugbo na-achọpụta ọrịa n'osisi.
the farmer has experience. tomorrow,Onye ọrụ ugbo nwere ahụmahụ.
the farmer raises goats. later,Onye ọrụ ugbo na-azụ ewu.
the igbo people respect visitors. today,Ndị Igbo na-akwanyere ndị ọbịa ùgwù.
the harvest began.,Owuwe ihe ubi malitere.
the place of worship is near his house.,Ebe ofufe ahụ dị nso n'ụlọ ya.
charity work is important. later,Ịrụ ọrụ ebere dị mkpa.
she goes to a place of worship every week.,Ọ na-aga ebe ofufe kwa izu.
the farmer measured holes for the seeds. later,Onye ọrụ ugbo tụrụ oghere maka mkpụrụ.
the warehouse is full of maize.,Ụlọ nkwakọba ihe ahụ jupụtara n'ọka.
do you have time?,Ị nwere oge?
can you explain it?,Ị nwere ike ịkọwa ya?
the farmer stored the seeds in a safe place.,Onye ọrụ ugbo debere mkpụrụ n'ebe nchekwa.
the price of maize increased. tomorrow,Ọnụ ahịa ọka mụbara.
she sent the file.,Ọ zipụrụ faịlụ ahụ.
friends met at the place of worship. later,Ndị enyi zutere n'ebe ofufe.
they welcomed the visitor warmly. now,Ha nabatara ọbịa nke ọma.
we listened to the speech.,Ha gere okwu ahụ ntị.
people need to live in peace.,Ndị mmadụ chọrọ ibi n'udo.
they study mathematics.,Ha na-amụ mgbakọ na mwepụ.
equipment should be in good condition. tomorrow,Ngwá ọrụ kwesịrị ịdị mma.
the trader sells clothes. tomorrow,Onye na-ere ahịa na-ere uwe.
we do not like it.,Ọ masịghị m.
the company listened to customers' opinions.,Ụlọ ọrụ ahụ gere ntị n'echiche ndị ahịa.
the government supports education.,Gọọmenti na-akwado agụmakwụkwọ.
let us go.,Ka anyị gaa.
the community leader has an important responsibility. tomorrow,Onye isi obodo nwere ọrụ dị mkpa.
the office provides public services. today,Ụlọ ọrụ ahụ na-enye ọrụ ọha.
plants require sunlight.,Osisi chọrọ ìhè anyanwụ.
leaders should work for the people. tomorrow,Ndị isi kwesịrị ịrụ ọrụ maka ndị mmadụ.
do you know the answer? tomorrow,Ị ma azịza ya?
please sit down. now,Biko nọdụ ala.
it is important to follow the law. tomorrow,Ọ dị mkpa ịgbaso iwu.
we removed weeds from the farm.,Ha wepụrụ ahịhịa n'ubi.
we prepared the product for the customer.,Ha kwadebere ngwaahịa maka onye ahịa.
they gathered the harvest. today,Ha kpọkọtara ihe ubi.
they named the child after his grandfather.,Ha kpọrọ nwa ahụ aha nna nna ya.
people want to know how their money is used. now,Ndị mmadụ chọrọ ịma otú e si eji ego ha.
it is important to follow the law.,Ọ dị mkpa ịgbaso iwu.
read the book. tomorrow,Gụọ akwụkwọ ahụ.
meet you again.,Ka anyị hụ ọzọ.
it is bad. now,Ọ dị njọ.
machine learning is part of artificial intelligence. later,Ọmụmụ igwe bụ akụkụ nke ọgụgụ isi mmadụ.
he has a new phone.,Ọ nwere ekwentị ọhụrụ.
people work together. tomorrow,Ndị mmadụ na-arụkọ ọrụ ọnụ.
thank you.,Daalụ.
the students study the igbo language.,Ụmụ akwụkwọ na-amụ asụsụ Igbo.
they deposited money in the bank. now,Ha debere ego n'ụlọ akụ.
the entrepreneur started a new business. tomorrow,Onye ọchụnta ego malitere azụmahịa ọhụrụ.
they have faith. tomorrow,Ha nwere okwukwe.
the employee answered the customer's question.,Onye ọrụ zara ajụjụ onye ahịa.
i like it. later,Ọ masịrị m.
the work is still continuing.,Ọrụ ahụ ka na-aga n'ihu.
heavy rain can damage crops.,Oké mmiri ozuzo nwere ike imebi ihe ubi.
humility is a good quality.,Ịdị umeala n'obi bụ omume ọma.
our culture is something we should value.,Omenala anyị bụ ihe anyị kwesịrị iji kpọrọ ihe.
they sell food at the market.,Ha na-ere nri n'ahịa.
it is important to keep a password secret. now,Ọ dị mkpa izobe paswọọdụ.
technology helps community development.,Ụzụ na-enyere mmepe obodo aka.
water is important for crops.,Mmiri dị mkpa maka ihe ọkụkụ.
people can participate in the program.,Ndị mmadụ nwere ike isonye na mmemme ahụ.
the farmer bought maize seeds. today,Onye ọrụ ugbo zụtara mkpụrụ ọka.
the doctor told him to rest. later,Dọkịta gwara ya ka ọ zuru ike.
the internet helps students. tomorrow,Ịntanetị na-enyere ụmụ akwụkwọ aka.
they want to improve their service.,Ha chọrọ ime ka ọrụ ha ka mma.
my name is chinedu. tomorrow,Aha m bụ Chinedu.
email helps people send messages.,Email na-enyere ndị mmadụ izipu ozi.
love brings people together.,Ịhụnanya na-eme ka ndị mmadụ dịrị n'otu.
the farmer went to the farm.,Onye ọrụ ugbo gara n'ubi.
he takes the medicine twice a day. today,Ọ na-aṅụ ọgwụ ugboro abụọ n'ụbọchị.
they wrote down their lessons.,Ha debere ihe ọmụmụ ha.
online learning is popular.,Ọmụmụ ihe n'ịntanetị na-ewu ewu.
the citizens need jobs. later,Ndị obodo chọrọ ọrụ.
the price of yam decreased. today,Ọnụ ahịa ji dara.
people work together with the government. now,Ndị mmadụ na-arụkọ ọrụ na gọọmenti.
preserving culture helps future generations. today,Ịchekwa omenala na-enyere ọgbọ na-abịa aka.
talking to someone can help. later,Ịgwa mmadụ okwu nwere ike inye aka.
it is important to listen in class. now,Ọ dị mkpa ige ntị na klaasị.
it is nothing.,Ọ dịghị ihe.
she received his document.,Ọ natara akwụkwọ ya.
education helps a community develop.,Agụmakwụkwọ na-enyere obodo aka ito eto.
they prepared food for the visitors. today,Ha kwadebere nri maka ndị ọbịa.
the message arrived on time.,Ozi ahụ bịara n'oge.
the company opened a new branch. today,Ụlọ ọrụ ahụ mepere alaka ọhụrụ.
the company has a bank account.,Ụlọ ọrụ ahụ nwere akaụntụ ụlọ akụ.
the patient went to the hospital.,Onye ọrịa gara ụlọ ọgwụ.
it is important to consume different foods.,Ọ dị mkpa iri nri dị iche iche.
weeds damage crops.,Ahịhịa na-emebi ihe ọkụkụ.
i am well. now,Ọ dị m mma.
he has a headache.,Ọ na-arịa isi.
i am sleepy.,Ụra na-agụ m.
it is raining. later,Mmiri na-ezo.
we went to harvest the crops.,Anyị gara ịtụ ihe ubi.
they are laughing.,Ha na-achị ọchị.
you are wrong. later,Ị mehiere.
the teaching was useful.,Nkuzi ahụ bara uru.
i am sad.,Ana m enwe mwute.
they expect a good harvest.,Anyị na-atụ anya ezigbo owuwe ihe ubi.
farming is a source of income.,Ọrụ ugbo bụ isi iyi nke ego.
he is studying for his examination.,Ọ na-amụ maka ule ya.
the company pays expenses. tomorrow,Ụlọ ọrụ ahụ na-akwụ ụgwọ.
they should avoid sharing certain items.,Anyị kwesịrị izere ịkekọrịta ihe ụfọdụ.
please.,Biko.
he backs up his files.,Ọ na-echekwa faịlụ ya.
the children pray before they eat. now,Ụmụaka na-ekpe ekpere tupu ha erie nri.
i am sleeping.,Ana m ehi ụra.
i am afraid.,Atụrụ m egwu.
the teaching was useful. later,Nkuzi ahụ bara uru.
new technology appears every year.,Ụzụ ọhụrụ na-apụta kwa afọ.
the farmer is planting seeds.,Onye ọrụ ugbo na-akụ mkpụrụ.
we want to improve their service.,Ha chọrọ ime ka ọrụ ha ka mma.
where do you live?,Kedu ebe ị bi?
the price of the product is low. later,Ọnụ ahịa ngwaahịa ahụ dị ala.
send me a message. later,Zipụ m ozi.
he withdrew money from the bank.,Ọ wepụtara ego n'ụlọ akụ.
he has stomach pain. today,Ọ na-enwe ihe mgbu n'afọ.
i need to tell you something. later,Ọ dị m mkpa ịgwa gị ihe.
the student is reading a book.,Nwa akwụkwọ na-agụ akwụkwọ.
i am leaving now. now,Aga m aga ugbu a.
he built a website. tomorrow,Ọ wuru weebụsaịtị.
business is important for community development.,Azụmahịa dị mkpa maka mmepe obodo.
people seek peace.,Ndị mmadụ na-achọ udo.
close the door. now,Mechie ụzọ.
i do not understand.,Aghọtaghị m.
the question is difficult.,Ajụjụ ahụ siri ike.
people use music for celebrations. later,Ndị mmadụ na-eji egwu eme emume.
please stand up. tomorrow,Biko bilie.
livestock farming brings income.,Ọzụzụ anụ ụlọ na-eweta ego.
who called you?,Ònye kpọrọ gị?
arrive here.,Bịa ebe a.
they welcomed the visitor warmly.,Ha nabatara ọbịa nke ọma.
we am looking for my friend.,Ana m achọ enyi m.
we should work together.,Anyị kwesịrị ịrụkọ ọrụ ọnụ.
where are you going?,Ebee ka ị na-aga?
diabetes requires regular care.,Ọrịa shuga chọrọ nlekọta mgbe niile.
it is important to follow the doctor's instructions. tomorrow,Ọ dị mkpa ịgbaso ntụziaka dọkịta.
the police officers do their work.,Ndị uwe ojii na-arụ ọrụ ha.
where do you live? tomorrow,Ebee ka ị bi?
the examination was difficult. now,Ule ahụ siri ike.
the company pays expenses.,Ụlọ ọrụ ahụ na-akwụ ụgwọ.
the igbo people value family.,Ndị Igbo ji ezinụlọ kpọrọ ihe.
the new building is being constructed. now,Ụlọ ọhụrụ ahụ na-ewu.
the worship service lasted one hour.,Ofufe ahụ were otu awa.
they sold many products.,Ha rere ọtụtụ ngwaahịa.
children should travel to school.,Ụmụaka kwesịrị ịga ụlọ akwụkwọ.
"no, i do not need help.","Mba, achọghị m enyemaka."
go there. today,Gaa ebe ahụ.
people elect leaders.,Ndị mmadụ na-ahọpụta ndị isi.
the student failed the examination. tomorrow,Nwa akwụkwọ ahụ dara ule ahụ.
parents support education. today,Ndị nne na nna na-akwado agụmakwụkwọ.
the worship service started on time. later,Ofufe ahụ malitere n'oge.
they pray for their family.,Ha na-ekpe ekpere maka ezinụlọ ha.
the website is easy to use. now,Weebụsaịtị ahụ dị mfe iji.
people were happy.,Ndị mmadụ nwere obi ụtọ.
the government and the people should work together. today,Gọọmenti na ndị mmadụ kwesịrị ịrụkọ ọrụ ọnụ.
the worship service started on time.,Ofufe ahụ malitere n'oge.
we like it.,Ọ masịrị m.
healthy habits are important.,Omume ahụike dị mkpa.
the mother prays for her children. later,Nne na-ekpe ekpere maka ụmụ ya.
they started the work.,Ha malitere ọrụ ahụ.
it is important to register. today,Ọ dị mkpa ịdebanye aha.
the computer stopped working. tomorrow,Kọmputa ahụ kwụsịrị ịrụ ọrụ.
we want to drink water.,Achọrọ m ịṅụ mmiri.
he uses video to communicate.,Ọ na-eji vidio akparịta ụka.
the software is easy to use. later,Ngwanrọ ahụ dị mfe iji.
it is hot today. tomorrow,Ọ dị ọkụ taa.
i will send you a message. now,Aga m ezitere gị ozi.
the price of maize increased.,Ọnụ ahịa ọka mụbara.
"no, i do not have time. today","Mba, enweghị m oge."
i need water.,A chọrọ m mmiri.
the plan is for community development. tomorrow,Atụmatụ ahụ bụ maka mmepe obodo.
family members support one another.,Ndị ezinụlọ na-akwado ibe ha.
learning to code takes time.,Ịmụ koodu chọrọ oge.
they take good care of the livestock. tomorrow,Ha na-elekọta anụ ụlọ nke ọma.
the farmer stored the seeds in a safe place. now,Onye ọrụ ugbo debere mkpụrụ n'ebe nchekwa.
thank you.,Ekele dịrị gị.
the school opened in the morning.,Ụlọ akwụkwọ ahụ meghere n'ụtụtụ.
he downloaded a new application.,Ọ budatara ngwa ọhụrụ.
i am thirsty.,Akpịrị na-akpọ m nkụ.
the government collects taxes.,Gọọmenti na-anakọta ụtụ isi.
it is important to avoid too much stress. tomorrow,Ọ dị mkpa izere nrụgide dị ukwuu.
come here.,Abịala ebe a.
they play music during celebrations. later,Ha na-akpọ egwu n'oge emume.
it is important to learn new skills.,Ọ dị mkpa ịmụta nkà ọhụrụ.
the advertisement attracted many customers. today,Mgbasa ozi ahụ dọtara ọtụtụ ndị ahịa.
they deposited money in the bank.,Ha debere ego n'ụlọ akụ.
the student is preparing for an examination.,Nwa akwụkwọ ahụ na-akwadebe maka ule.
public schools provide education.,Ụlọ akwụkwọ ọha na-enye agụmakwụkwọ.
will you come tomorrow? tomorrow,Ị ga-abịa echi?
i am sleepy. later,Ụra na-agụ m.
they held an online meeting. tomorrow,Ha mere nzukọ n'ịntanetị.
elders teach children traditional stories.,Ndị okenye na-akụziri ụmụaka akụkọ ọdịnala.
religion is part of the lives of many people.,Okpukpe bụ akụkụ nke ndụ ọtụtụ mmadụ.
it is important to avoid things that harm the body. tomorrow,Ọ dị mkpa izere ihe ndị na-emebi ahụ.
sharing shows love.,Ịkekọrịta ihe na-egosi ịhụnanya.
they should listen to elders' advice.,Anyị kwesịrị ige ndụmọdụ ndị okenye ntị.
they learned new methods of planting.,Ha mụtara ụzọ ọhụrụ e si akụ ihe.
the government creates job opportunities.,Gọọmenti na-emepụta ohere ọrụ.
we am working.,Ana m arụ ọrụ.
domestic animals require food.,Anụ ụlọ chọrọ nri.
what is your name?,Kedu aha gị?
we want to buy more food.,Anyị chọrọ ịzụtakwu nri.
the farmer repaired his machine.,Onye ọrụ ugbo rụziri igwe ya.
he is at home. now,Ọ nọ n'ụlọ.
"yes, i have a phone. now","Ee, enwere m ekwentị."
the hospital has equipment. tomorrow,Ụlọ ọgwụ nwere akụrụngwa.
he took a photo with his phone.,Ọ sere foto site na ekwentị ya.
we held an online meeting.,Ha mere nzukọ n'ịntanetị.
research is important in education.,Nchọpụta dị mkpa na agụmakwụkwọ.
she came in the morning.,Ọ bịara n'ụtụtụ.
it is very good. later,Ọ dị mma nke ukwuu.
she thanks god every day.,Ọ na-ekele Chineke kwa ụbọchị.
the government manages the community. now,Gọọmenti na-elekọta obodo.
we wore traditional clothes.,Ha yi uwe ọdịnala.
music brings people together. tomorrow,Egwu na-ejikọta ndị mmadụ ọnụ.
the child has a fever.,Nwa ahụ nwere ahụ ọkụ.
technology helps people. later,Ụzụ na-enyere ndị mmadụ aka.
a lawyer helps people. today,Onye ọka iwu na-enyere ndị mmadụ aka.
they want to know what customers want.,Ha chọrọ ịmata ihe ndị ahịa chọrọ.
love and kindness make the world better. now,Ịhụnanya na obiọma na-eme ka ụwa ka mma.
can you tell me? today,Ị nwere ike ịgwa m?
we are planting vegetables.,Ha na-akụ akwụkwọ nri.
all children should receive education. today,Ụmụaka niile kwesịrị inweta agụmakwụkwọ.
sit down.,Nọdụ ala.
the administrator manages the database. now,Onye nchịkwa na-elekọta nchekwa data.
speak slowly.,Kwuo nwayọọ.
the students are writing.,Ụmụ akwụkwọ na-ede ihe.
people have different beliefs. now,Ndị mmadụ nwere nkwenkwe dị iche iche.
training helps farmers. tomorrow,Ọzụzụ na-enyere ndị ọrụ ugbo aka.
a computer is an important device.,Kọmputa bụ ngwaọrụ dị mkpa.
where is the book? now,Ebee ka akwụkwọ ahụ dị?
education helps a community develop. now,Agụmakwụkwọ na-enyere obodo aka ito eto.
i need to drink water.,Achọrọ m ịṅụ mmiri.
people should help one another. later,Ndị mmadụ kwesịrị inyere ibe ha aka.
we will see you later.,Aga m ahụ gị ma emechaa.
the music is enjoyable. today,Egwu ahụ na-atọ ụtọ.
the teacher asked a question. later,Onye nkuzi jụrụ ajụjụ.
the students attended the lecture.,Ụmụ akwụkwọ gara nkuzi.
the student passed the examination.,Nwa akwụkwọ ahụ gafere ule ahụ.
elders tell stories about the past.,Ndị okenye na-akọ akụkọ banyere oge gara aga.
we am leaving now.,Aga m aga ugbu a.
working together is a good tradition. today,Ịrụkọ ọrụ ọnụ bụ omenala dị mma.
the entrepreneur started a new business.,Onye ọchụnta ego malitere azụmahịa ọhụrụ.
come here. later,Bịa ebe a.
technology has advantages and disadvantages.,Ụzụ nwere uru na ọghọm.
many people seek a good life.,Ọtụtụ mmadụ na-achọ ndụ dị mma.
he came in the morning. tomorrow,Ọ bịara n'ụtụtụ.
protecting health is everyone's responsibility. later,Ịchekwa ahụike bụ ọrụ onye ọ bụla.
high blood pressure can be dangerous.,Ọbara mgbali elu nwere ike ịdị ize ndụ.
it is important to live in peace.,Ọ dị mkpa ibi ndụ n'udo.
the school opened in the morning. now,Ụlọ akwụkwọ ahụ meghere n'ụtụtụ.
we are here.,Anyị nọ ebe a.
working together helps students. later,Ịrụkọ ọrụ ọnụ na-enyere ụmụ akwụkwọ aka.
they used fertilizer to improve the soil.,Ha ji fatịlaịza mee ka ala dị mma.
they gave the family food.,Ha nyere ezinụlọ ahụ nri.
they use traditional items to prepare food. tomorrow,Ha na-eji ihe ọdịnala akwadebe nri.
i understand. later,Aghọtara m.
do you require anything?,Ị chọrọ ihe ọ bụla?
he has been coughing since yesterday. tomorrow,Ọ na-asụ ụkwara kemgbe ụnyaahụ.
the government made a new law. today,Gọọmenti mere iwu ọhụrụ.
the assistance helped the farmers.,Enyemaka ahụ nyere ndị ọrụ ugbo aka.
it is eight o'clock.,Ọ bụ elekere asatọ.
the student uses a pencil to write.,Nwa akwụkwọ ahụ na-eji pensụl ede ihe.
the students asked many questions. later,Ụmụ akwụkwọ jụrụ ọtụtụ ajụjụ.
a password protects an account. tomorrow,Paswọọdụ na-echekwa akaụntụ.
the patient should take his medicine.,Onye ọrịa kwesịrị ịṅụ ọgwụ ya.
it is important to avoid things that harm the body.,Ọ dị mkpa izere ihe ndị na-emebi ahụ.
we will send you a message.,Aga m ezitere gị ozi.
he has a new phone. tomorrow,Ọ nwere ekwentị ọhụrụ.
machines can work quickly.,Igwè nwere ike ịrụ ọrụ ngwa ngwa.
parents teach their children their beliefs.,Ndị nne na nna na-akụziri ụmụ ha nkwenkwe ha.
you are right. tomorrow,Ị kwuru eziokwu.
she has been coughing since yesterday.,Ọ na-asụ ụkwara kemgbe ụnyaahụ.
the government should listen to the people. tomorrow,Gọọmenti kwesịrị ige ndị mmadụ ntị.
travel there.,Gaa ebe ahụ.
i am happy to meet you.,Obi dị m ụtọ izute gị.
small businesses help families.,Obere azụmahịa na-enyere ezinụlọ aka.
the product is not good. today,Ngwaahịa ahụ adịghị mma.
the farmer sold his harvest.,Onye ọrụ ugbo rere ihe ubi ya.
the internet connects people.,Ịntanetị na-ejikọta ndị mmadụ.
the customer is not satisfied.,Onye ahịa enweghị afọ ojuju.
the entrepreneur borrowed money. later,Onye ọchụnta ego gbaziri ego.
modern methods make farming easier. tomorrow,Ụzọ ọgbara ọhụrụ na-eme ka ọrụ ugbo dị mfe.
the teacher gave advice. now,Onye nkuzi nyere ndụmọdụ.
he found an error in the code. tomorrow,Ọ chọtara njehie na koodu ahụ.
health workers work hard. today,Ndị ọrụ ahụike na-arụsi ọrụ ike.
people find comfort through religion. tomorrow,Ndị mmadụ na-enweta nkasi obi site n'okpukpe.
religion is part of the lives of many people. today,Okpukpe bụ akụkụ nke ndụ ọtụtụ mmadụ.
the town has a long history. tomorrow,Obodo ahụ nwere akụkọ ogologo.
the farmer works hard. now,Onye ọrụ ugbo na-arụsi ọrụ ike.
i love my family.,Ana m ahụ ezinụlọ m n'anya.
do you have a phone?,Ị nwere ekwentị?
the mother prays for her children.,Nne na-ekpe ekpere maka ụmụ ya.
we irrigate during the dry season.,Ha na-agba mmiri n'oge ọkọchị.
the employees arrived on time.,Ndị ọrụ bịara n'oge.
development requires the support of the people. today,Mmepe chọrọ nkwado nke ndị mmadụ.
the government provides drinking water.,Gọọmenti na-enye mmiri ọṅụṅụ.
we will plant crops tomorrow. now,Anyị ga-akụ ihe ọkụkụ echi.
it is important to respect others.,Ọ dị mkpa ịkwanyere ndị ọzọ ùgwù.
they helped the family. tomorrow,Ha nyere ezinụlọ ahụ aka.
internet security is important. tomorrow,Nchekwa ịntanetị dị mkpa.
smoking damages health.,Ise siga na-emebi ahụike.
the students understood the lesson.,Ụmụ akwụkwọ ghọtara ihe ọmụmụ ahụ.
the patient has a fever.,Onye ọrịa nwere ahụ ọkụ.
people remember special days.,Ndị mmadụ na-echeta ụbọchị pụrụ iche.
please stand up.,Biko bilie.
they started working early in the morning. tomorrow,Ha malitere ịrụ ọrụ n'isi ụtụtụ.
see you again. now,Ka anyị hụ ọzọ.
many people start small businesses.,Ọtụtụ ndị na-amalite obere azụmahịa.
we discussed community problems.,Ha kwurịtara banyere nsogbu obodo.
preserving culture helps future generations.,Ịchekwa omenala na-enyere ọgbọ na-abịa aka.
take care.,Jisie ike.
computer viruses can damage data.,Nje kọmputa nwere ike imebi data.
he learned something new.,Ọ mụtara ihe ọhụrụ.
we am here.,Anọ m ebe a.
people should live in love and peace. later,Ndị mmadụ kwesịrị ibi ndụ n'ịhụnanya na udo.
the government works to improve life. later,Gọọmenti na-arụ ọrụ iji meziwanye ndụ.
the business grew quickly. tomorrow,Azụmahịa ahụ toro ngwa ngwa.
the students attended the lecture. now,Ụmụ akwụkwọ gara nkuzi.
the court handles legal matters.,Ụlọ ikpe na-eleba anya n'okwu iwu.
he rests when he is tired.,Ọ na-ezu ike mgbe ọ gwụrụ ike.
justice is important in a community. now,Ikpe ziri ezi dị mkpa n'obodo.
i am thirsty. tomorrow,Akpịrị na-akpọ m nkụ.
we thanked god for the food.,Ha kelere Chineke maka nri.
young people support their culture.,Ndị ntorobịa na-akwado omenala ha.
dry soil does not help crops. now,Ala kpọrọ nkụ anaghị enyere ihe ọkụkụ aka.
they import products. later,Ha na-ebubata ngwaahịa.
technology is changing the world.,Ụzụ na-agbanwe ụwa.
handwashing prevents the spread of disease.,Ịsa aka na-egbochi mgbasa ọrịa.
parents support education.,Ndị nne na nna na-akwado agụmakwụkwọ.
the school teaches traditional history.,Ụlọ akwụkwọ ahụ na-akụzi akụkọ ọdịnala.
some jobs use machines.,Ụfọdụ ọrụ na-eji igwe eme ihe.
that bag of maize is heavy. later,Akpa ọka ahụ dị arọ.
it is not good. now,Ọ dịghị mma.
the town has many places of worship.,Obodo ahụ nwere ọtụtụ ebe ofufe.
technology makes work easier. today,Ụzụ na-eme ka ọrụ dị mfe.
goodbye. today,Ka ọ dị.
music brings people together.,Egwu na-ejikọta ndị mmadụ ọnụ.
i am sleeping. today,Ana m ehi ụra.
it is bad.,Ọ dị njọ.
healthy habits are important. later,Omume ahụike dị mkpa.
the farmers work on the farm.,Ndị ọrụ ugbo na-arụ ọrụ n'ubi.
he paid the debt on time.,Ọ kwụrụ ụgwọ ahụ n'oge.
they discussed the business.,Ha kwurịtara banyere azụmahịa.
she uses technology for learning.,Ọ na-eji teknụzụ eme mmụta.
the student presented his work.,Nwa akwụkwọ ahụ gosipụtara ọrụ ya.
i have a question. today,Enwere m ajụjụ.
it is important to use public money properly.,Ọ dị mkpa iji ego ọha mee ihe nke ọma.
water helps the body. now,Mmiri na-enyere ahụ aka.
the error caused the program to stop. now,Njehie ahụ mere ka mmemme kwụsị.
the error caused the program to stop.,Njehie ahụ mere ka mmemme kwụsị.
the government issues licenses. tomorrow,Gọọmenti na-enye akwụkwọ ikike.
what are you doing? later,Kedu ihe ị na-eme?
they should respect people with different beliefs.,Anyị kwesịrị ịkwanyere ndị nwere nkwenkwe dị iche ùgwù.
the doctor examines the patient. tomorrow,Dọkịta na-enyocha onye ọrịa.
he replied to the email. today,Ọ zara email ahụ.
she received the file.,Ọ natara faịlụ ahụ.
what are you doing?,Kedu ihe ị na-eme?
the patient needs another test.,Onye ọrịa chọrọ nyocha ọzọ.
you are wrong.,Ị mehiere.
many people depend on small businesses.,Ọtụtụ mmadụ na-adabere n'obere azụmahịa.
the tractor ploughs the land.,Traktọ ahụ na-akọ ala.
"yes, i will come.","Ee, aga m abịa."
elders teach good behavior. today,Ndị okenye na-akụzi ezi omume.
the price changed. today,Ọnụ ahịa ahụ gbanwere.
the company conducts market research. later,Ụlọ ọrụ ahụ na-eme nyocha ahịa.
she uses video to communicate.,Ọ na-eji vidio akparịta ụka.
studying helps students.,Ịgụ akwụkwọ na-enyere ụmụ akwụkwọ aka.
the women wore beautiful clothing. today,Ndị inyom yi akwa mara mma.
the future will be good. later,Ọdịnihu ga-adị mma.
the students study at home. tomorrow,Ụmụ akwụkwọ na-amụ ihe n'ụlọ.
sorry.,Ndo.
she is learning a programming language.,Ọ na-amụ asụsụ mmemme.
the service is fast and good. later,Ọrụ ahụ dị ngwa ma dị mma.
the worker repaired the computer.,Onye ọrụ ahụ rụziri kọmputa.
take care. now,Jisie ike.
the night is quiet. now,Abalị dị jụụ.
he is at home.,Ọ nọ n'ụlọ.
healthcare helps people live longer lives.,Nlekọta ahụike na-enyere ndị mmadụ aka ibi ndụ ogologo.
the students are doing well.,Ụmụ akwụkwọ na-eme nke ọma.
people wear traditional clothing for celebrations. today,Ndị mmadụ na-eji akwa eme emume.
the farmer uses a hoe to work.,Onye ọrụ ugbo na-eji hoe arụ ọrụ.
many people saw the advertisement. now,Ọtụtụ mmadụ hụrụ mgbasa ozi ahụ.
i have woken up.,Etetaala m.
we will not forget it.,Agaghị m echefu ya.
he exercises every morning. later,Ọ na-eme mmega ahụ kwa ụtụtụ.
he uses different applications. today,Ọ na-eji ngwa dị iche iche.
they need to know what customers want.,Ha chọrọ ịmata ihe ndị ahịa chọrọ.
the company received the order.,Ụlọ ọrụ ahụ natara iwu ahụ.
children learn traditions from elders.,Ụmụaka na-amụta omenala n'aka ndị okenye.
they irrigate during the dry season. today,Ha na-agba mmiri n'oge ọkọchị.
i will see you later.,Aga m ahụ gị ma emechaa.
write your name.,Dee aha gị.
they listened to the speech. tomorrow,Ha gere okwu ahụ ntị.
he returned the book.,Ọ laghachiri akwụkwọ ahụ.
the question is easy. later,Ajụjụ ahụ dị mfe.
we want to buy more food. today,Anyị chọrọ ịzụtakwu nri.
the library has many books. later,Ọbá akwụkwọ ahụ nwere ọtụtụ akwụkwọ.
the teacher gave marks.,Onye nkuzi nyere akara.
university students conduct research. later,Ụmụ akwụkwọ mahadum na-eme nchọpụta.
the celebration took place at home.,Emume ahụ mere n'ụlọ.
he is telling the truth.,Ọ na-ekwu eziokwu.
i am at work. today,Anọ m n'ọrụ.
online learning is popular. later,Ọmụmụ ihe n'ịntanetị na-ewu ewu.
geography teaches about the world.,Geography na-akụzi banyere ụwa.
people seek important documents.,Ndị mmadụ na-achọ akwụkwọ dị mkpa.
the illness started in the morning. today,Ọrịa ahụ malitere n'ụtụtụ.
we received new farming equipment.,Ha nwetara ngwá ọrụ ugbo ọhụrụ.
the lecture was useful.,Nkuzi ahụ bara uru.
the shop closed at night. today,Ụlọ ahịa ahụ mechiri n'abalị.
the future will depend on technology. now,Ọdịnihu ga-adabere n'ụzụ.
"yes, i understand. today","Ee, aghọtara m."
some names remember ancestors.,Aha ụfọdụ na-echeta ndị nna nna.
the record contains important information. now,Ndekọ ahụ nwere ozi dị mkpa.
we am going to school.,Aga m ụlọ akwụkwọ.
wait a moment.,Chere ntakịrị.
my family is important to me. now,Ezinụlọ m dị mkpa nye m.
he found the information online. tomorrow,Ọ chọtara ozi ahụ n'ịntanetị.
we am happy.,Ana m enwe obi ụtọ.
they sing traditional songs.,Ha na-abụ abụ ọdịnala.
he washes his hands before eating. today,Ọ na-asa aka ya tupu o rie nri.
the food is delicious. tomorrow,Nri ahụ na-atọ ụtọ.
thank you. tomorrow,Ekele dịrị gị.
the code works well.,Koodu ahụ na-arụ ọrụ nke ọma.
learning requires patience.,Ọmụmụ ihe chọrọ ndidi.
i know.,Ama m.
the illness stopped after treatment. now,Ọrịa ahụ kwụsịrị mgbe ọgwụgwọ gasịrị.
the traditional clothing is beautiful.,Uwe ọdịnala ahụ mara mma.
language preserves the history of a community.,Asụsụ na-echekwa akụkọ obodo.
the place of worship is near his house. tomorrow,Ebe ofufe ahụ dị nso n'ụlọ ya.
