english,igbo
the farmer went to the farm.,Onye ọrụ ugbo gara n'ubi.
the farmer went to the farm. today,Onye ọrụ ugbo gara n'ubi.
they planted maize.,Ha kụrụ ọka.
we planted maize.,Ha kụrụ ọka.
they planted maize. today,Ha kụrụ ọka.
it rained well.,Mmiri ozuzo dara nke ọma.
it rained well. tomorrow,Mmiri ozuzo dara nke ọma.
yam is planted during the planting season.,A na-akụ ji n'oge opupu ihe ubi.
yam is planted during the planting season. now,A na-akụ ji n'oge opupu ihe ubi.
the farmer is planting seeds.,Onye ọrụ ugbo na-akụ mkpụrụ.
the farmer is planting seeds. now,Onye ọrụ ugbo na-akụ mkpụrụ.
the farmers work on the farm.,Ndị ọrụ ugbo na-arụ ọrụ n'ubi.
the farmers work on the farm. now,Ndị ọrụ ugbo na-arụ ọrụ n'ubi.
the maize grew well.,Ọka toro nke ọma.
the maize grew well. today,Ọka toro nke ọma.
that yam is big.,Ji ahụ buru ibu.
that yam is big. today,Ji ahụ buru ibu.
we planted rice on the farm.,Anyị kụrụ osikapa n'ubi.
they planted rice on the farm.,Anyị kụrụ osikapa n'ubi.
we planted rice on the farm. later,Anyị kụrụ osikapa n'ubi.
farming is an important occupation.,Ọrụ ugbo bụ ọrụ dị mkpa.
farming is an important occupation. today,Ọrụ ugbo bụ ọrụ dị mkpa.
the farmer uses a hoe to work.,Onye ọrụ ugbo na-eji hoe arụ ọrụ.
the farmer uses a hoe to work. today,Onye ọrụ ugbo na-eji hoe arụ ọrụ.
he is watering the farm.,Ọ na-agba mmiri n'ubi.
she is watering the farm.,Ọ na-agba mmiri n'ubi.
he is watering the farm. today,Ọ na-agba mmiri n'ubi.
they are planting vegetables.,Ha na-akụ akwụkwọ nri.
we are planting vegetables.,Ha na-akụ akwụkwọ nri.
they are planting vegetables. now,Ha na-akụ akwụkwọ nri.
the vegetables are fresh.,Akwụkwọ nri ahụ dị ọhụrụ.
the vegetables are fresh. now,Akwụkwọ nri ahụ dị ọhụrụ.
the farmer bought maize seeds.,Onye ọrụ ugbo zụtara mkpụrụ ọka.
the farmer bought maize seeds. today,Onye ọrụ ugbo zụtara mkpụrụ ọka.
we will plant crops tomorrow.,Anyị ga-akụ ihe ọkụkụ echi.
they will plant crops tomorrow.,Anyị ga-akụ ihe ọkụkụ echi.
we will plant crops tomorrow. now,Anyị ga-akụ ihe ọkụkụ echi.
domestic animals need food.,Anụ ụlọ chọrọ nri.
domestic animals require food.,Anụ ụlọ chọrọ nri.
domestic animals need food. later,Anụ ụlọ chọrọ nri.
livestock farming brings income.,Ọzụzụ anụ ụlọ na-eweta ego.
livestock farming brings income. now,Ọzụzụ anụ ụlọ na-eweta ego.
the farmer raises cattle.,Onye ọrụ ugbo na-azụ ehi.
the farmer raises cattle. later,Onye ọrụ ugbo na-azụ ehi.
they have many chickens.,Ha nwere ọtụtụ ọkụkọ.
we have many chickens.,Ha nwere ọtụtụ ọkụkọ.
they have many chickens. tomorrow,Ha nwere ọtụtụ ọkụkọ.
the chicken laid an egg.,Ọkụkọ ahụ tọrọ akwa.
the chicken laid an egg. today,Ọkụkọ ahụ tọrọ akwa.
the cow gives milk.,Ehi ahụ na-enye mmiri ara.
the cow gives milk. now,Ehi ahụ na-enye mmiri ara.
the farmer raises goats.,Onye ọrụ ugbo na-azụ ewu.
the farmer raises goats. later,Onye ọrụ ugbo na-azụ ewu.
the goat ate grass.,Ewu ahụ riri ahịhịa.
the goat ate grass. tomorrow,Ewu ahụ riri ahịhịa.
they take good care of the livestock.,Ha na-elekọta anụ ụlọ nke ọma.
we take good care of the livestock.,Ha na-elekọta anụ ụlọ nke ọma.
they take good care of the livestock. tomorrow,Ha na-elekọta anụ ụlọ nke ọma.
farming requires patience.,Ọrụ ugbo chọrọ ndidi.
farming requires patience. now,Ọrụ ugbo chọrọ ndidi.
the farmer works hard.,Onye ọrụ ugbo na-arụsi ọrụ ike.
the farmer works hard. now,Onye ọrụ ugbo na-arụsi ọrụ ike.
we went to harvest the crops.,Anyị gara ịtụ ihe ubi.
they went to harvest the crops.,Anyị gara ịtụ ihe ubi.
we went to harvest the crops. tomorrow,Anyị gara ịtụ ihe ubi.
they harvest the crops on time.,Ha na-ewe ihe ubi n'oge.
we harvest the crops on time.,Ha na-ewe ihe ubi n'oge.
they harvest the crops on time. today,Ha na-ewe ihe ubi n'oge.
the harvest began.,Owuwe ihe ubi malitere.
the harvest began. today,Owuwe ihe ubi malitere.
the maize is ready for harvest.,Ọka dị njikere maka owuwe ihe ubi.
the maize is ready for harvest. later,Ọka dị njikere maka owuwe ihe ubi.
they gathered the harvest.,Ha kpọkọtara ihe ubi.
we gathered the harvest.,Ha kpọkọtara ihe ubi.
they gathered the harvest. today,Ha kpọkọtara ihe ubi.
the farmer sold his harvest.,Onye ọrụ ugbo rere ihe ubi ya.
the farmer sold his harvest. tomorrow,Onye ọrụ ugbo rere ihe ubi ya.
the market for farm produce is good today.,Ahịa ihe ubi dị mma taa.
the market for farm produce is good today. tomorrow,Ahịa ihe ubi dị mma taa.
the price of maize increased.,Ọnụ ahịa ọka mụbara.
the price of maize increased. tomorrow,Ọnụ ahịa ọka mụbara.
the price of yam decreased.,Ọnụ ahịa ji dara.
the price of yam decreased. today,Ọnụ ahịa ji dara.
they sold vegetables at the market.,Ha rere akwụkwọ nri n'ahịa.
we sold vegetables at the market.,Ha rere akwụkwọ nri n'ahịa.
they sold vegetables at the market. later,Ha rere akwụkwọ nri n'ahịa.
the customer bought a bag of rice.,Onye ahịa zụtara akpa osikapa.
the customer bought a bag of rice. today,Onye ahịa zụtara akpa osikapa.
that bag of maize is heavy.,Akpa ọka ahụ dị arọ.
that bag of maize is heavy. later,Akpa ọka ahụ dị arọ.
we want to buy more food.,Anyị chọrọ ịzụtakwu nri.
they want to buy more food.,Anyị chọrọ ịzụtakwu nri.
we need to purchase more food.,Anyị chọrọ ịzụtakwu nri.
we want to buy more food. today,Anyị chọrọ ịzụtakwu nri.
water is important for crops.,Mmiri dị mkpa maka ihe ọkụkụ.
water is important for crops. tomorrow,Mmiri dị mkpa maka ihe ọkụkụ.
plants need sunlight.,Osisi chọrọ ìhè anyanwụ.
plants require sunlight.,Osisi chọrọ ìhè anyanwụ.
plants need sunlight. tomorrow,Osisi chọrọ ìhè anyanwụ.
grass grows quickly.,Ahịhịa na-eto ngwa ngwa.
grass grows quickly. now,Ahịhịa na-eto ngwa ngwa.
they removed weeds from the farm.,Ha wepụrụ ahịhịa n'ubi.
we removed weeds from the farm.,Ha wepụrụ ahịhịa n'ubi.
they removed weeds from the farm. today,Ha wepụrụ ahịhịa n'ubi.
weeds damage crops.,Ahịhịa na-emebi ihe ọkụkụ.
weeds damage crops. today,Ahịhịa na-emebi ihe ọkụkụ.
the farmer clears the farm.,Onye ọrụ ugbo na-asacha ubi.
the farmer clears the farm. now,Onye ọrụ ugbo na-asacha ubi.
they used fertilizer to improve the soil.,Ha ji fatịlaịza mee ka ala dị mma.
we used fertilizer to improve the soil.,Ha ji fatịlaịza mee ka ala dị mma.
they used fertilizer to improve the soil. tomorrow,Ha ji fatịlaịza mee ka ala dị mma.
this soil is good for planting.,Ala a dị mma maka ịkụ ihe.
this soil is good for planting. today,Ala a dị mma maka ịkụ ihe.
dry soil does not help crops.,Ala kpọrọ nkụ anaghị enyere ihe ọkụkụ aka.
dry soil does not help crops. now,Ala kpọrọ nkụ anaghị enyere ihe ọkụkụ aka.
rain helps farmers.,Mmiri ozuzo na-enyere ndị ọrụ ugbo aka.
rain helps farmers. today,Mmiri ozuzo na-enyere ndị ọrụ ugbo aka.
heavy rain can damage crops.,Oké mmiri ozuzo nwere ike imebi ihe ubi.
heavy rain can damage crops. later,Oké mmiri ozuzo nwere ike imebi ihe ubi.
sunlight helps crops grow.,Anwụ na-enyere ihe ọkụkụ aka ito.
sunlight helps crops grow. tomorrow,Anwụ na-enyere ihe ọkụkụ aka ito.
disasters damage farms.,Ọdachi na-emebi ubi.
disasters damage farms. later,Ọdachi na-emebi ubi.
diseases can harm crops.,Ọrịa nwere ike imerụ ihe ọkụkụ.
diseases can harm crops. tomorrow,Ọrịa nwere ike imerụ ihe ọkụkụ.
the farmer detects disease in the plants.,Onye ọrụ ugbo na-achọpụta ọrịa n'osisi.
the farmer detects disease in the plants. now,Onye ọrụ ugbo na-achọpụta ọrịa n'osisi.
they used chemicals to protect the crops.,Ha ji ọgwụ chebe ihe ọkụkụ.
we used chemicals to protect the crops.,Ha ji ọgwụ chebe ihe ọkụkụ.
they used chemicals to protect the crops. tomorrow,Ha ji ọgwụ chebe ihe ọkụkụ.
it is important to save seeds.,Ọ dị mkpa ịchekwa mkpụrụ.
it is important to save seeds. tomorrow,Ọ dị mkpa ịchekwa mkpụrụ.
the farmer stored the seeds in a safe place.,Onye ọrụ ugbo debere mkpụrụ n'ebe nchekwa.
the farmer stored the seeds in a safe place. now,Onye ọrụ ugbo debere mkpụrụ n'ebe nchekwa.
they store the harvest in a warehouse.,Ha na-echekwa ihe ubi n'ụlọ nkwakọba ihe.
we store the harvest in a warehouse.,Ha na-echekwa ihe ubi n'ụlọ nkwakọba ihe.
they store the harvest in a warehouse. tomorrow,Ha na-echekwa ihe ubi n'ụlọ nkwakọba ihe.
the warehouse is full of maize.,Ụlọ nkwakọba ihe ahụ jupụtara n'ọka.
the warehouse is full of maize. today,Ụlọ nkwakọba ihe ahụ jupụtara n'ọka.
agriculture provides jobs for many people.,Ọrụ ugbo na-enye ọtụtụ mmadụ ọrụ.
agriculture provides jobs for many people. now,Ọrụ ugbo na-enye ọtụtụ mmadụ ọrụ.
farmers provide food for the community.,Ndị ọrụ ugbo na-enye obodo nri.
farmers provide food for the community. now,Ndị ọrụ ugbo na-enye obodo nri.
many families depend on farming.,Ọtụtụ ezinụlọ na-adabere n'ọrụ ugbo.
many families depend on farming. now,Ọtụtụ ezinụlọ na-adabere n'ọrụ ugbo.
farming is a source of income.,Ọrụ ugbo bụ isi iyi nke ego.
farming is a source of income. later,Ọrụ ugbo bụ isi iyi nke ego.
we should support farmers.,Anyị kwesịrị ịkwado ndị ọrụ ugbo.
they should support farmers.,Anyị kwesịrị ịkwado ndị ọrụ ugbo.
we should support farmers. later,Anyị kwesịrị ịkwado ndị ọrụ ugbo.
the government gave farmers seeds.,Gọọmenti nyere ndị ọrụ ugbo mkpụrụ.
the government gave farmers seeds. tomorrow,Gọọmenti nyere ndị ọrụ ugbo mkpụrụ.
they received new farming equipment.,Ha nwetara ngwá ọrụ ugbo ọhụrụ.
we received new farming equipment.,Ha nwetara ngwá ọrụ ugbo ọhụrụ.
they received new farming equipment. now,Ha nwetara ngwá ọrụ ugbo ọhụrụ.
a tractor helps farmers.,Traktọ na-enyere ndị ọrụ ugbo aka.
a tractor helps farmers. tomorrow,Traktọ na-enyere ndị ọrụ ugbo aka.
the farmer bought a tractor.,Onye ọrụ ugbo zụtara traktọ.
the farmer bought a tractor. today,Onye ọrụ ugbo zụtara traktọ.
the tractor ploughs the land.,Traktọ ahụ na-akọ ala.
the tractor ploughs the land. now,Traktọ ahụ na-akọ ala.
they used a machine to harvest the crops.,Ha ji igwe ewe ihe ubi.
we used a machine to harvest the crops.,Ha ji igwe ewe ihe ubi.
they used a machine to harvest the crops. today,Ha ji igwe ewe ihe ubi.
equipment should be in good condition.,Ngwá ọrụ kwesịrị ịdị mma.
equipment should be in good condition. tomorrow,Ngwá ọrụ kwesịrị ịdị mma.
the farmer repaired his machine.,Onye ọrụ ugbo rụziri igwe ya.
the farmer repaired his machine. later,Onye ọrụ ugbo rụziri igwe ya.
training helps farmers.,Ọzụzụ na-enyere ndị ọrụ ugbo aka.
training helps farmers. tomorrow,Ọzụzụ na-enyere ndị ọrụ ugbo aka.
the farmer attended training.,Onye ọrụ ugbo gara ọzụzụ.
the farmer attended training. today,Onye ọrụ ugbo gara ọzụzụ.
they learned new methods of planting.,Ha mụtara ụzọ ọhụrụ e si akụ ihe.
we learned new methods of planting.,Ha mụtara ụzọ ọhụrụ e si akụ ihe.
they learned new methods of planting. now,Ha mụtara ụzọ ọhụrụ e si akụ ihe.
modern methods make farming easier.,Ụzọ ọgbara ọhụrụ na-eme ka ọrụ ugbo dị mfe.
modern methods make farming easier. tomorrow,Ụzọ ọgbara ọhụrụ na-eme ka ọrụ ugbo dị mfe.
proper planting increases the harvest.,Ịkụ ihe n'ụzọ ziri ezi na-abawanye ihe ubi.
proper planting increases the harvest. now,Ịkụ ihe n'ụzọ ziri ezi na-abawanye ihe ubi.
they plant seeds in rows.,Ha na-akụ mkpụrụ n'ahịrị.
we plant seeds in rows.,Ha na-akụ mkpụrụ n'ahịrị.
they plant seeds in rows. later,Ha na-akụ mkpụrụ n'ahịrị.
the farmer measured holes for the seeds.,Onye ọrụ ugbo tụrụ oghere maka mkpụrụ.
the farmer measured holes for the seeds. later,Onye ọrụ ugbo tụrụ oghere maka mkpụrụ.
farming requires good planning.,Ọrụ ugbo chọrọ ezigbo atụmatụ.
farming requires good planning. later,Ọrụ ugbo chọrọ ezigbo atụmatụ.
we organized the farm work well.,Anyị haziri ọrụ ubi nke ọma.
they organized the farm work well.,Anyị haziri ọrụ ubi nke ọma.
we organized the farm work well. now,Anyị haziri ọrụ ubi nke ọma.
they started working early in the morning.,Ha malitere ịrụ ọrụ n'isi ụtụtụ.
we started working early in the morning.,Ha malitere ịrụ ọrụ n'isi ụtụtụ.
they started working early in the morning. tomorrow,Ha malitere ịrụ ọrụ n'isi ụtụtụ.
the farmer returned home after sunset.,Onye ọrụ ugbo laghachiri n'ụlọ mgbe anyanwụ dara.
the farmer returned home after sunset. now,Onye ọrụ ugbo laghachiri n'ụlọ mgbe anyanwụ dara.
the children helped their parents on the farm.,Ụmụaka nyere nne na nna ha aka n'ubi.
the children helped their parents on the farm. now,Ụmụaka nyere nne na nna ha aka n'ubi.
the family works together.,Ezinụlọ ahụ na-arụ ọrụ ọnụ.
the family works together. tomorrow,Ezinụlọ ahụ na-arụ ọrụ ọnụ.
the neighbors helped the farmer.,Ndị agbata obi nyere onye ọrụ ugbo aka.
the neighbors helped the farmer. later,Ndị agbata obi nyere onye ọrụ ugbo aka.
they finished the farm work before the rain started.,Ha rụchara ọrụ ubi tupu mmiri amalite.
we finished the farm work before the rain started.,Ha rụchara ọrụ ubi tupu mmiri amalite.
they finished the farm work before the rain started. later,Ha rụchara ọrụ ubi tupu mmiri amalite.
the farmer has experience.,Onye ọrụ ugbo nwere ahụmahụ.
the farmer has experience. tomorrow,Onye ọrụ ugbo nwere ahụmahụ.
experience helps the farmer.,Ahụmahụ na-enyere onye ọrụ ugbo aka.
experience helps the farmer. now,Ahụmahụ na-enyere onye ọrụ ugbo aka.
farming has challenges.,Ọrụ ugbo nwere ihe ịma aka.
farming has challenges. now,Ọrụ ugbo nwere ihe ịma aka.
farmers face climate change.,Ndị ọrụ ugbo na-eche ihu mgbanwe ihu igwe.
farmers face climate change. later,Ndị ọrụ ugbo na-eche ihu mgbanwe ihu igwe.
water shortage affects agriculture.,Ụkọ mmiri na-emetụta ọrụ ugbo.
water shortage affects agriculture. today,Ụkọ mmiri na-emetụta ọrụ ugbo.
it is important to use water wisely.,Ọ dị mkpa iji mmiri mee ihe nke ọma.
it is important to use water wisely. today,Ọ dị mkpa iji mmiri mee ihe nke ọma.
they irrigate during the dry season.,Ha na-agba mmiri n'oge ọkọchị.
we irrigate during the dry season.,Ha na-agba mmiri n'oge ọkọchị.
they irrigate during the dry season. today,Ha na-agba mmiri n'oge ọkọchị.
irrigation helps crops.,Ịgba mmiri na-enyere ihe ọkụkụ aka.
irrigation helps crops. now,Ịgba mmiri na-enyere ihe ọkụkụ aka.
the farmer takes care of his farm every day.,Onye ọrụ ugbo na-elekọta ubi ya kwa ụbọchị.
the farmer takes care of his farm every day. now,Onye ọrụ ugbo na-elekọta ubi ya kwa ụbọchị.
we expect a good harvest.,Anyị na-atụ anya ezigbo owuwe ihe ubi.
they expect a good harvest.,Anyị na-atụ anya ezigbo owuwe ihe ubi.
we expect a good harvest. later,Anyị na-atụ anya ezigbo owuwe ihe ubi.
agriculture helps the community develop.,Ọrụ ugbo na-enyere obodo aka ito eto.
agriculture helps the community develop. today,Ọrụ ugbo na-enyere obodo aka ito eto.
farmers are an important part of the community.,Ndị ọrụ ugbo bụ akụkụ dị mkpa nke obodo.
farmers are an important part of the community. later,Ndị ọrụ ugbo bụ akụkụ dị mkpa nke obodo.
he works in an office.,Ọ na-arụ ọrụ n'ụlọ ọrụ.
she works in an office.,Ọ na-arụ ọrụ n'ụlọ ọrụ.
he works in an office. later,Ọ na-arụ ọrụ n'ụlọ ọrụ.
the company sells products.,Ụlọ ọrụ ahụ na-ere ngwaahịa.
the company sells products. later,Ụlọ ọrụ ahụ na-ere ngwaahịa.
the entrepreneur started a new business.,Onye ọchụnta ego malitere azụmahịa ọhụrụ.
the entrepreneur started a new business. tomorrow,Onye ọchụnta ego malitere azụmahịa ọhụrụ.
the business is doing well.,Azụmahịa ahụ na-aga nke ọma.
the business is doing well. today,Azụmahịa ahụ na-aga nke ọma.
many people buy this product.,Ọtụtụ mmadụ na-azụ ngwaahịa a.
many people purchase this product.,Ọtụtụ mmadụ na-azụ ngwaahịa a.
many people buy this product. today,Ọtụtụ mmadụ na-azụ ngwaahịa a.
the customer bought the product.,Onye ahịa zụtara ngwaahịa ahụ.
the customer bought the product. tomorrow,Onye ahịa zụtara ngwaahịa ahụ.
the shop opened in the morning.,Ụlọ ahịa ahụ meghere n'ụtụtụ.
the shop opened in the morning. tomorrow,Ụlọ ahịa ahụ meghere n'ụtụtụ.
the shop closed at night.,Ụlọ ahịa ahụ mechiri n'abalị.
the shop closed at night. today,Ụlọ ahịa ahụ mechiri n'abalị.
the trader sells clothes.,Onye na-ere ahịa na-ere uwe.
the trader sells clothes. tomorrow,Onye na-ere ahịa na-ere uwe.
they sell food at the market.,Ha na-ere nri n'ahịa.
we sell food at the market.,Ha na-ere nri n'ahịa.
they sell food at the market. later,Ha na-ere nri n'ahịa.
the price of the product is high.,Ọnụ ahịa ngwaahịa ahụ dị elu.
the price of the product is high. now,Ọnụ ahịa ngwaahịa ahụ dị elu.
the price of the product is low.,Ọnụ ahịa ngwaahịa ahụ dị ala.
the price of the product is low. later,Ọnụ ahịa ngwaahịa ahụ dị ala.
the price changed.,Ọnụ ahịa ahụ gbanwere.
the price changed. today,Ọnụ ahịa ahụ gbanwere.
many people want this product.,Ọtụtụ ndị mmadụ chọrọ ngwaahịa a.
many people need this product.,Ọtụtụ ndị mmadụ chọrọ ngwaahịa a.
many people want this product. tomorrow,Ọtụtụ ndị mmadụ chọrọ ngwaahịa a.
this product is good.,Ngwaahịa a dị mma.
this product is good. now,Ngwaahịa a dị mma.
the product is not good.,Ngwaahịa ahụ adịghị mma.
the product is not good. today,Ngwaahịa ahụ adịghị mma.
the customer has a question.,Onye ahịa nwere ajụjụ.
the customer has a question. tomorrow,Onye ahịa nwere ajụjụ.
the employee answered the customer's question.,Onye ọrụ zara ajụjụ onye ahịa.
the employee answered the customer's question. now,Onye ọrụ zara ajụjụ onye ahịa.
the customer called the company.,Onye ahịa kpọrọ ụlọ ọrụ ahụ.
the customer called the company. now,Onye ahịa kpọrọ ụlọ ọrụ ahụ.
they helped the customer.,Ha nyere onye ahịa aka.
we helped the customer.,Ha nyere onye ahịa aka.
they helped the customer. tomorrow,Ha nyere onye ahịa aka.
customer service is important.,Ọrụ ndị ahịa dị mkpa.
customer service is important. now,Ọrụ ndị ahịa dị mkpa.
the employee works hard.,Onye ọrụ na-arụsi ọrụ ike.
the employee works hard. today,Onye ọrụ na-arụsi ọrụ ike.
the employees arrived on time.,Ndị ọrụ bịara n'oge.
the employees arrived on time. tomorrow,Ndị ọrụ bịara n'oge.
the manager has a meeting.,Onye njikwa nwere nzukọ.
the manager has a meeting. later,Onye njikwa nwere nzukọ.
the meeting started at ten o'clock.,Nzukọ ahụ malitere n'elekere iri.
the meeting started at ten o'clock. today,Nzukọ ahụ malitere n'elekere iri.
they discussed the business.,Ha kwurịtara banyere azụmahịa.
we discussed the business.,Ha kwurịtara banyere azụmahịa.
they discussed the business. today,Ha kwurịtara banyere azụmahịa.
the manager gave a new instruction.,Onye njikwa nyere iwu ọhụrụ.
the manager gave a new instruction. tomorrow,Onye njikwa nyere iwu ọhụrụ.
the company has many employees.,Ụlọ ọrụ ahụ nwere ọtụtụ ndị ọrụ.
the company has many employees. tomorrow,Ụlọ ọrụ ahụ nwere ọtụtụ ndị ọrụ.
the company is looking for new employees.,Ụlọ ọrụ ahụ na-achọ ndị ọrụ ọhụrụ.
the company is looking for new employees. now,Ụlọ ọrụ ahụ na-achọ ndị ọrụ ọhụrụ.
he applied for a job.,Ọ tinyere akwụkwọ maka ọrụ.
she applied for a job.,Ọ tinyere akwụkwọ maka ọrụ.
he applied for a job. today,Ọ tinyere akwụkwọ maka ọrụ.
he went for a job interview.,Ọ gara ajụjụ ọnụ maka ọrụ.
she went for a job interview.,Ọ gara ajụjụ ọnụ maka ọrụ.
he went for a job interview. now,Ọ gara ajụjụ ọnụ maka ọrụ.
the company hired a new employee.,Ụlọ ọrụ ahụ goro onye ọrụ ọhụrụ.
the company hired a new employee. today,Ụlọ ọrụ ahụ goro onye ọrụ ọhụrụ.
the employee got the job.,Onye ọrụ ahụ nwetara ọrụ ahụ.
the employee got the job. today,Onye ọrụ ahụ nwetara ọrụ ahụ.
he works full time.,Ọ na-arụ ọrụ oge niile.
she works full time.,Ọ na-arụ ọrụ oge niile.
he works full time. later,Ọ na-arụ ọrụ oge niile.
he works part time.,Ọ na-arụ ọrụ nwa oge.
she works part time.,Ọ na-arụ ọrụ nwa oge.
he works part time. today,Ọ na-arụ ọrụ nwa oge.
the employee received his salary.,Onye ọrụ nwetara ụgwọ ọnwa ya.
the employee received his salary. now,Onye ọrụ nwetara ụgwọ ọnwa ya.
his salary is good.,Ụgwọ ọnwa ya dị mma.
his salary is good. now,Ụgwọ ọnwa ya dị mma.
this job requires experience.,Ọrụ a chọrọ ahụmahụ.
this job requires experience. later,Ọrụ a chọrọ ahụmahụ.
this job requires skills.,Ọrụ a chọrọ nkà.
this job requires skills. now,Ọrụ a chọrọ nkà.
he learned a new skill.,Ọ mụtara nkà ọhụrụ.
she learned a new skill.,Ọ mụtara nkà ọhụrụ.
he learned a new skill. tomorrow,Ọ mụtara nkà ọhụrụ.
business requires good planning.,Azụmahịa chọrọ ezigbo atụmatụ.
business requires good planning. later,Azụmahịa chọrọ ezigbo atụmatụ.
the entrepreneur made a plan.,Onye ọchụnta ego mere atụmatụ.
the entrepreneur made a plan. now,Onye ọchụnta ego mere atụmatụ.
they discussed the business plan.,Ha tụlere atụmatụ azụmahịa ahụ.
we discussed the business plan.,Ha tụlere atụmatụ azụmahịa ahụ.
they discussed the business plan. now,Ha tụlere atụmatụ azụmahịa ahụ.
the plan is good.,Atụmatụ ahụ dị mma.
the plan is good. tomorrow,Atụmatụ ahụ dị mma.
the business has a major challenge.,Azụmahịa ahụ nwere nnukwu ihe ịma aka.
the business has a major challenge. later,Azụmahịa ahụ nwere nnukwu ihe ịma aka.
they found a solution to the problem.,Ha chọtara ngwọta maka nsogbu ahụ.
we found a solution to the problem.,Ha chọtara ngwọta maka nsogbu ahụ.
they found a solution to the problem. tomorrow,Ha chọtara ngwọta maka nsogbu ahụ.
the company conducts market research.,Ụlọ ọrụ ahụ na-eme nyocha ahịa.
the company conducts market research. later,Ụlọ ọrụ ahụ na-eme nyocha ahịa.
the market research was helpful.,Nnyocha ahịa nyere aka.
the market research was helpful. later,Nnyocha ahịa nyere aka.
they want to know what customers want.,Ha chọrọ ịmata ihe ndị ahịa chọrọ.
we want to know what customers want.,Ha chọrọ ịmata ihe ndị ahịa chọrọ.
they need to know what customers want.,Ha chọrọ ịmata ihe ndị ahịa chọrọ.
they want to know what customers want. today,Ha chọrọ ịmata ihe ndị ahịa chọrọ.
the customer gave his opinion.,Onye ahịa nyere echiche ya.
the customer gave his opinion. now,Onye ahịa nyere echiche ya.
the company advertises.,Ụlọ ọrụ ahụ na-eme mgbasa ozi.
the company advertises. now,Ụlọ ọrụ ahụ na-eme mgbasa ozi.
the advertisement attracted many customers.,Mgbasa ozi ahụ dọtara ọtụtụ ndị ahịa.
the advertisement attracted many customers. today,Mgbasa ozi ahụ dọtara ọtụtụ ndị ahịa.
they advertised a new product.,Ha kpọsara ngwaahịa ọhụrụ.
we advertised a new product.,Ha kpọsara ngwaahịa ọhụrụ.
they advertised a new product. tomorrow,Ha kpọsara ngwaahịa ọhụrụ.
the new product is in the market.,Ngwaahịa ọhụrụ ahụ dị n'ahịa.
the new product is in the market. today,Ngwaahịa ọhụrụ ahụ dị n'ahịa.
the company promoted its product.,Ụlọ ọrụ ahụ kwalitere ngwaahịa ya.
the company promoted its product. now,Ụlọ ọrụ ahụ kwalitere ngwaahịa ya.
many people saw the advertisement.,Ọtụtụ mmadụ hụrụ mgbasa ozi ahụ.
many people saw the advertisement. now,Ọtụtụ mmadụ hụrụ mgbasa ozi ahụ.
they sold many products.,Ha rere ọtụtụ ngwaahịa.
we sold many products.,Ha rere ọtụtụ ngwaahịa.
they sold many products. today,Ha rere ọtụtụ ngwaahịa.
the company made a profit.,Ụlọ ọrụ ahụ nwetara uru.
the company made a profit. today,Ụlọ ọrụ ahụ nwetara uru.
the business made a large profit.,Azụmahịa ahụ nwetara nnukwu uru.
the business made a large profit. today,Azụmahịa ahụ nwetara nnukwu uru.
the company lost money.,Ụlọ ọrụ ahụ tụfuru ego.
the company lost money. now,Ụlọ ọrụ ahụ tụfuru ego.
they want to increase profit.,Ha chọrọ ịbawanye uru.
we want to increase profit.,Ha chọrọ ịbawanye uru.
they need to increase profit.,Ha chọrọ ịbawanye uru.
they want to increase profit. today,Ha chọrọ ịbawanye uru.
the cost of the business increased.,Ọnụ ego azụmahịa ahụ mụbara.
the cost of the business increased. today,Ọnụ ego azụmahịa ahụ mụbara.
the company pays expenses.,Ụlọ ọrụ ahụ na-akwụ ụgwọ.
the company pays expenses. tomorrow,Ụlọ ọrụ ahụ na-akwụ ụgwọ.
they paid the rent.,Ha kwụrụ ụgwọ ụlọ.
we paid the rent.,Ha kwụrụ ụgwọ ụlọ.
they paid the rent. today,Ha kwụrụ ụgwọ ụlọ.
the customer paid for the product.,Onye ahịa kwụrụ ụgwọ ngwaahịa ahụ.
the customer paid for the product. now,Onye ahịa kwụrụ ụgwọ ngwaahịa ahụ.
he paid through the bank.,Ọ kwụrụ ụgwọ site na ụlọ akụ.
she paid through the bank.,Ọ kwụrụ ụgwọ site na ụlọ akụ.
he paid through the bank. tomorrow,Ọ kwụrụ ụgwọ site na ụlọ akụ.
the customer paid with cash.,Onye ahịa jiri ego kwụọ ụgwọ.
the customer paid with cash. later,Onye ahịa jiri ego kwụọ ụgwọ.
the company has a bank account.,Ụlọ ọrụ ahụ nwere akaụntụ ụlọ akụ.
the company has a bank account. now,Ụlọ ọrụ ahụ nwere akaụntụ ụlọ akụ.
they deposited money in the bank.,Ha debere ego n'ụlọ akụ.
we deposited money in the bank.,Ha debere ego n'ụlọ akụ.
they deposited money in the bank. now,Ha debere ego n'ụlọ akụ.
he withdrew money from the bank.,Ọ wepụtara ego n'ụlọ akụ.
she withdrew money from the bank.,Ọ wepụtara ego n'ụlọ akụ.
he withdrew money from the bank. later,Ọ wepụtara ego n'ụlọ akụ.
business requires money.,Azụmahịa chọrọ ego.
business requires money. now,Azụmahịa chọrọ ego.
the entrepreneur borrowed money.,Onye ọchụnta ego gbaziri ego.
the entrepreneur borrowed money. later,Onye ọchụnta ego gbaziri ego.
he paid the debt on time.,Ọ kwụrụ ụgwọ ahụ n'oge.
she paid the debt on time.,Ọ kwụrụ ụgwọ ahụ n'oge.
he paid the debt on time. later,Ọ kwụrụ ụgwọ ahụ n'oge.
they need money to expand the business.,Ha chọrọ ego iji gbasaa azụmahịa.
we need money to expand the business.,Ha chọrọ ego iji gbasaa azụmahịa.
they require money to expand the business.,Ha chọrọ ego iji gbasaa azụmahịa.
they need money to expand the business. now,Ha chọrọ ego iji gbasaa azụmahịa.
the company opened a new branch.,Ụlọ ọrụ ahụ mepere alaka ọhụrụ.
the company opened a new branch. today,Ụlọ ọrụ ahụ mepere alaka ọhụrụ.
the branch is in another city.,Alaka ahụ dị n'obodo ọzọ.
the branch is in another city. today,Alaka ahụ dị n'obodo ọzọ.
they want to expand their business.,Ha chọrọ ịgbasa azụmahịa ha.
we want to expand their business.,Ha chọrọ ịgbasa azụmahịa ha.
they need to expand their business.,Ha chọrọ ịgbasa azụmahịa ha.
they want to expand their business. later,Ha chọrọ ịgbasa azụmahịa ha.
the business grew quickly.,Azụmahịa ahụ toro ngwa ngwa.
the business grew quickly. tomorrow,Azụmahịa ahụ toro ngwa ngwa.
the company operates in different cities.,Ụlọ ọrụ ahụ na-arụ ọrụ n'obodo dị iche iche.
the company operates in different cities. later,Ụlọ ọrụ ahụ na-arụ ọrụ n'obodo dị iche iche.
they import products.,Ha na-ebubata ngwaahịa.
we import products.,Ha na-ebubata ngwaahịa.
they import products. later,Ha na-ebubata ngwaahịa.
the company exports products.,Ụlọ ọrụ ahụ na-ebupụ ngwaahịa.
the company exports products. later,Ụlọ ọrụ ahụ na-ebupụ ngwaahịa.
the product came from another city.,Ngwaahịa ahụ sitere n'obodo ọzọ.
the product came from another city. today,Ngwaahịa ahụ sitere n'obodo ọzọ.
they transported the product to the shop.,Ha bufere ngwaahịa ahụ n'ụlọ ahịa.
we transported the product to the shop.,Ha bufere ngwaahịa ahụ n'ụlọ ahịa.
they transported the product to the shop. today,Ha bufere ngwaahịa ahụ n'ụlọ ahịa.
the vehicle carried the product.,Ụgbọala bu ngwaahịa ahụ.
the vehicle carried the product. today,Ụgbọala bu ngwaahịa ahụ.
the product arrived on time.,Ngwaahịa ahụ rutere n'oge.
the product arrived on time. later,Ngwaahịa ahụ rutere n'oge.
the customer ordered a product.,Onye ahịa nyere iwu ngwaahịa.
the customer ordered a product. tomorrow,Onye ahịa nyere iwu ngwaahịa.
the company received the order.,Ụlọ ọrụ ahụ natara iwu ahụ.
the company received the order. today,Ụlọ ọrụ ahụ natara iwu ahụ.
they prepared the product for the customer.,Ha kwadebere ngwaahịa maka onye ahịa.
we prepared the product for the customer.,Ha kwadebere ngwaahịa maka onye ahịa.
they prepared the product for the customer. now,Ha kwadebere ngwaahịa maka onye ahịa.
the customer received his product.,Onye ahịa natara ngwaahịa ya.
the customer received his product. now,Onye ahịa natara ngwaahịa ya.
the company provides different services.,Ụlọ ọrụ ahụ na-enye ọrụ dị iche iche.
the company provides different services. now,Ụlọ ọrụ ahụ na-enye ọrụ dị iche iche.
the service is fast and good.,Ọrụ ahụ dị ngwa ma dị mma.
the service is fast and good. later,Ọrụ ahụ dị ngwa ma dị mma.
the customer is satisfied.,Onye ahịa nwere afọ ojuju.
the customer is satisfied. now,Onye ahịa nwere afọ ojuju.
the customer is not satisfied.,Onye ahịa enweghị afọ ojuju.
the customer is not satisfied. later,Onye ahịa enweghị afọ ojuju.
the company listened to customers' opinions.,Ụlọ ọrụ ahụ gere ntị n'echiche ndị ahịa.
the company listened to customers' opinions. now,Ụlọ ọrụ ahụ gere ntị n'echiche ndị ahịa.
they want to improve their service.,Ha chọrọ ime ka ọrụ ha ka mma.
we want to improve their service.,Ha chọrọ ime ka ọrụ ha ka mma.
they need to improve their service.,Ha chọrọ ime ka ọrụ ha ka mma.
they want to improve their service. tomorrow,Ha chọrọ ime ka ọrụ ha ka mma.
business provides people with job opportunities.,Azụmahịa na-enye ndị mmadụ ohere ọrụ.
business provides people with job opportunities. later,Azụmahịa na-enye ndị mmadụ ohere ọrụ.
small businesses help families.,Obere azụmahịa na-enyere ezinụlọ aka.
small businesses help families. now,Obere azụmahịa na-enyere ezinụlọ aka.
many people start small businesses.,Ọtụtụ ndị na-amalite obere azụmahịa.
many people start small businesses. today,Ọtụtụ ndị na-amalite obere azụmahịa.
hard work helps a business.,Ịrụsi ọrụ ike na-enyere azụmahịa aka.
hard work helps a business. later,Ịrụsi ọrụ ike na-enyere azụmahịa aka.
business is important for community development.,Azụmahịa dị mkpa maka mmepe obodo.
business is important for community development. today,Azụmahịa dị mkpa maka mmepe obodo.
tradition is an important part of igbo life.,Ọdịnala bụ akụkụ dị mkpa nke ndụ ndị Igbo.
tradition is an important part of igbo life. today,Ọdịnala bụ akụkụ dị mkpa nke ndụ ndị Igbo.
the igbo people have many traditions.,Ndị Igbo nwere ọtụtụ omenala.
the igbo people have many traditions. today,Ndị Igbo nwere ọtụtụ omenala.
tradition teaches us about our ancestors.,Ọdịnala na-akụziri anyị ihe gbasara ndị nna nna anyị.
tradition teaches us about our ancestors. today,Ọdịnala na-akụziri anyị ihe gbasara ndị nna nna anyị.
the family respects their traditions.,Ezinụlọ ahụ na-asọpụrụ omenala ha.
the family respects their traditions. now,Ezinụlọ ahụ na-asọpụrụ omenala ha.
we should preserve our culture.,Anyị kwesịrị ichekwa omenala anyị.
they should preserve our culture.,Anyị kwesịrị ichekwa omenala anyị.
we should preserve our culture. now,Anyị kwesịrị ichekwa omenala anyị.
children learn traditions from elders.,Ụmụaka na-amụta omenala n'aka ndị okenye.
children learn traditions from elders. later,Ụmụaka na-amụta omenala n'aka ndị okenye.
elders teach children traditional stories.,Ndị okenye na-akụziri ụmụaka akụkọ ọdịnala.
elders teach children traditional stories. later,Ndị okenye na-akụziri ụmụaka akụkọ ọdịnala.
traditional stories teach many things.,Akụkọ ọdịnala na-akụzi ọtụtụ ihe.
traditional stories teach many things. later,Akụkọ ọdịnala na-akụzi ọtụtụ ihe.
the grandmother told a story at night.,Nne ochie kọrọ akụkọ n'abalị.
the grandmother told a story at night. now,Nne ochie kọrọ akụkọ n'abalị.
the children sat and listened to the story.,Ụmụaka nọdụrụ gee akụkọ ahụ ntị.
the children sat and listened to the story. later,Ụmụaka nọdụrụ gee akụkọ ahụ ntị.
music is part of igbo culture.,Egwu bụ akụkụ nke omenala Igbo.
music is part of igbo culture. today,Egwu bụ akụkụ nke omenala Igbo.
people dance at celebrations.,Ndị mmadụ na-agba egwu n'emume.
people dance at celebrations. now,Ndị mmadụ na-agba egwu n'emume.
they sing traditional songs.,Ha na-abụ abụ ọdịnala.
we sing traditional songs.,Ha na-abụ abụ ọdịnala.
they sing traditional songs. later,Ha na-abụ abụ ọdịnala.
the music is enjoyable.,Egwu ahụ na-atọ ụtọ.
the music is enjoyable. today,Egwu ahụ na-atọ ụtọ.
the musicians play musical instruments.,Ndị egwu na-akpọ ngwá egwu.
the musicians play musical instruments. later,Ndị egwu na-akpọ ngwá egwu.
the ubo-aka is one of the traditional musical instruments.,Ụbọ aka bụ otu n'ime ngwá egwu ọdịnala.
the ubo-aka is one of the traditional musical instruments. tomorrow,Ụbọ aka bụ otu n'ime ngwá egwu ọdịnala.
many people love traditional music.,Ọtụtụ mmadụ hụrụ egwu ọdịnala n'anya.
many people love traditional music. later,Ọtụtụ mmadụ hụrụ egwu ọdịnala n'anya.
music brings people together.,Egwu na-ejikọta ndị mmadụ ọnụ.
music brings people together. tomorrow,Egwu na-ejikọta ndị mmadụ ọnụ.
people use music for celebrations.,Ndị mmadụ na-eji egwu eme emume.
people use music for celebrations. later,Ndị mmadụ na-eji egwu eme emume.
they play music during celebrations.,Ha na-akpọ egwu n'oge emume.
we play music during celebrations.,Ha na-akpọ egwu n'oge emume.
they play music during celebrations. later,Ha na-akpọ egwu n'oge emume.
dancing is part of the celebration.,Ịgba egwu bụ akụkụ nke emume.
dancing is part of the celebration. now,Ịgba egwu bụ akụkụ nke emume.
the children dance well.,Ụmụaka na-agba egwu nke ọma.
the children dance well. now,Ụmụaka na-agba egwu nke ọma.
they wore traditional clothes.,Ha yi uwe ọdịnala.
we wore traditional clothes.,Ha yi uwe ọdịnala.
they wore traditional clothes. tomorrow,Ha yi uwe ọdịnala.
the traditional clothing is beautiful.,Uwe ọdịnala ahụ mara mma.
the traditional clothing is beautiful. now,Uwe ọdịnala ahụ mara mma.
the women wore beautiful clothing.,Ndị inyom yi akwa mara mma.
the women wore beautiful clothing. today,Ndị inyom yi akwa mara mma.
the men wore traditional clothes.,Ndị nwoke yi uwe ọdịnala.
the men wore traditional clothes. today,Ndị nwoke yi uwe ọdịnala.
traditional clothing shows a person's culture.,Uwe ọdịnala na-egosi omenala mmadụ.
traditional clothing shows a person's culture. tomorrow,Uwe ọdịnala na-egosi omenala mmadụ.
people wear traditional clothing for celebrations.,Ndị mmadụ na-eji akwa eme emume.
people wear traditional clothing for celebrations. today,Ndị mmadụ na-eji akwa eme emume.
the traditional celebration began in the morning.,Emume ọdịnala ahụ malitere n'ụtụtụ.
the traditional celebration began in the morning. today,Emume ọdịnala ahụ malitere n'ụtụtụ.
many people came to the celebration.,Ọtụtụ ndị mmadụ bịara emume ahụ.
many people came to the celebration. later,Ọtụtụ ndị mmadụ bịara emume ahụ.
the celebration took place in the town.,Emume ahụ mere n'obodo.
the celebration took place in the town. now,Emume ahụ mere n'obodo.
the community prepared for the celebration.,Ndị obodo kwadebere maka emume ahụ.
the community prepared for the celebration. today,Ndị obodo kwadebere maka emume ahụ.
the celebration went well.,Emume ahụ gara nke ọma.
the celebration went well. today,Emume ahụ gara nke ọma.
they celebrated happily.,Ha ji obi ụtọ mee emume ahụ.
we celebrated happily.,Ha ji obi ụtọ mee emume ahụ.
they celebrated happily. now,Ha ji obi ụtọ mee emume ahụ.
people greet one another at celebrations.,Ndị mmadụ na-enye ibe ha ekele n'emume.
people greet one another at celebrations. today,Ndị mmadụ na-enye ibe ha ekele n'emume.
a visitor came to the house.,Ọbịa bịara n'ụlọ ahụ.
a visitor came to the house. today,Ọbịa bịara n'ụlọ ahụ.
they welcomed the visitor warmly.,Ha nabatara ọbịa nke ọma.
we welcomed the visitor warmly.,Ha nabatara ọbịa nke ọma.
they welcomed the visitor warmly. now,Ha nabatara ọbịa nke ọma.
welcoming visitors is an important tradition.,Ịnabata ọbịa bụ omenala dị mkpa.
welcoming visitors is an important tradition. later,Ịnabata ọbịa bụ omenala dị mkpa.
the igbo people respect visitors.,Ndị Igbo na-akwanyere ndị ọbịa ùgwù.
the igbo people respect visitors. today,Ndị Igbo na-akwanyere ndị ọbịa ùgwù.
they gave food to the visitor.,Ha nyere ọbịa nri.
we gave food to the visitor.,Ha nyere ọbịa nri.
they gave food to the visitor. now,Ha nyere ọbịa nri.
traditional food is part of culture.,Nri ọdịnala bụ akụkụ nke omenala.
traditional food is part of culture. today,Nri ọdịnala bụ akụkụ nke omenala.
people cook traditional food at celebrations.,Ndị mmadụ na-esi nri ọdịnala n'emume.
people cook traditional food at celebrations. today,Ndị mmadụ na-esi nri ọdịnala n'emume.
the house was filled with the smell of food.,Ụlọ ahụ jupụtara n'isi nri.
the house was filled with the smell of food. later,Ụlọ ahụ jupụtara n'isi nri.
they cooked yam and soup.,Ha siri ji na ofe.
we cooked yam and soup.,Ha siri ji na ofe.
they cooked yam and soup. tomorrow,Ha siri ji na ofe.
the food is delicious.,Nri ahụ na-atọ ụtọ.
the food is delicious. tomorrow,Nri ahụ na-atọ ụtọ.
the family ate together.,Ezinụlọ ahụ riri nri ọnụ.
the family ate together. now,Ezinụlọ ahụ riri nri ọnụ.
sharing food brings people together.,Ịkekọrịta nri na-eme ka ndị mmadụ dịrị n'otu.
sharing food brings people together. tomorrow,Ịkekọrịta nri na-eme ka ndị mmadụ dịrị n'otu.
the community prepares food for visitors.,Ndị obodo na-akwadebe nri maka ndị ọbịa.
the community prepares food for visitors. now,Ndị obodo na-akwadebe nri maka ndị ọbịa.
they use traditional items to prepare food.,Ha na-eji ihe ọdịnala akwadebe nri.
we use traditional items to prepare food.,Ha na-eji ihe ọdịnala akwadebe nri.
they use traditional items to prepare food. tomorrow,Ha na-eji ihe ọdịnala akwadebe nri.
traditional food reflects the history of a community.,Nri ọdịnala na-egosi akụkọ obodo.
traditional food reflects the history of a community. later,Nri ọdịnala na-egosi akụkọ obodo.
names are an important part of culture.,Aha bụ akụkụ dị mkpa nke omenala.
names are an important part of culture. now,Aha bụ akụkụ dị mkpa nke omenala.
parents choose their children's names carefully.,Ndị nne na nna na-ahọrọ aha ụmụ ha nke ọma.
parents choose their children's names carefully. tomorrow,Ndị nne na nna na-ahọrọ aha ụmụ ha nke ọma.
the name has a meaning.,Aha ahụ nwere ihe ọ pụtara.
the name has a meaning. later,Aha ahụ nwere ihe ọ pụtara.
they named the child after his grandfather.,Ha kpọrọ nwa ahụ aha nna nna ya.
we named the child after his grandfather.,Ha kpọrọ nwa ahụ aha nna nna ya.
they named the child after his grandfather. tomorrow,Ha kpọrọ nwa ahụ aha nna nna ya.
some names remember ancestors.,Aha ụfọdụ na-echeta ndị nna nna.
some names remember ancestors. today,Aha ụfọdụ na-echeta ndị nna nna.
the igbo people respect their ancestors.,Ndị Igbo na-asọpụrụ ndị nna nna ha.
the igbo people respect their ancestors. today,Ndị Igbo na-asọpụrụ ndị nna nna ha.
we remember the stories of our ancestors.,Anyị na-echeta akụkọ ndị nna nna anyị.
they remember the stories of our ancestors.,Anyị na-echeta akụkọ ndị nna nna anyị.
we remember the stories of our ancestors. later,Anyị na-echeta akụkọ ndị nna nna anyị.
elders tell stories about the past.,Ndị okenye na-akọ akụkọ banyere oge gara aga.
elders tell stories about the past. today,Ndị okenye na-akọ akụkọ banyere oge gara aga.
the stories of ancestors are important.,Akụkọ ndị nna nna dị mkpa.
the stories of ancestors are important. today,Akụkọ ndị nna nna dị mkpa.
we should learn from history.,Anyị kwesịrị ịmụta ihe n'akụkọ ihe mere eme.
they should learn from history.,Anyị kwesịrị ịmụta ihe n'akụkọ ihe mere eme.
we should learn from history. now,Anyị kwesịrị ịmụta ihe n'akụkọ ihe mere eme.
the town has a long history.,Obodo ahụ nwere akụkọ ogologo.
the town has a long history. tomorrow,Obodo ahụ nwere akụkọ ogologo.
the old building is part of the town's history.,Ụlọ ochie ahụ bụ akụkụ nke akụkọ obodo.
the old building is part of the town's history. now,Ụlọ ochie ahụ bụ akụkụ nke akụkọ obodo.
the community preserves historical places.,Ndị obodo na-echekwa ebe akụkọ ihe mere eme.
the community preserves historical places. tomorrow,Ndị obodo na-echekwa ebe akụkọ ihe mere eme.
history teaches us lessons.,Akụkọ ihe mere eme na-akụziri anyị ihe.
history teaches us lessons. today,Akụkọ ihe mere eme na-akụziri anyị ihe.
students study their culture.,Ụmụ akwụkwọ na-amụ banyere omenala ha.
students study their culture. now,Ụmụ akwụkwọ na-amụ banyere omenala ha.
the school teaches traditional history.,Ụlọ akwụkwọ ahụ na-akụzi akụkọ ọdịnala.
the school teaches traditional history. tomorrow,Ụlọ akwụkwọ ahụ na-akụzi akụkọ ọdịnala.
teachers tell stories about the community.,Ndị nkuzi na-akọ akụkọ banyere obodo.
teachers tell stories about the community. tomorrow,Ndị nkuzi na-akọ akụkọ banyere obodo.
children should know their culture.,Ụmụaka kwesịrị ịma omenala ha.
children should know their culture. now,Ụmụaka kwesịrị ịma omenala ha.
learning about culture helps children.,Ọmụmụ omenala na-enyere ụmụaka aka.
learning about culture helps children. later,Ọmụmụ omenala na-enyere ụmụaka aka.
culture connects different generations.,Omenala na-ejikọta ọgbọ dị iche iche.
culture connects different generations. tomorrow,Omenala na-ejikọta ọgbọ dị iche iche.
the new generation learns from elders.,Ọgbọ ọhụrụ na-amụta ihe n'aka ndị okenye.
the new generation learns from elders. today,Ọgbọ ọhụrụ na-amụta ihe n'aka ndị okenye.
young people support their culture.,Ndị ntorobịa na-akwado omenala ha.
young people support their culture. tomorrow,Ndị ntorobịa na-akwado omenala ha.
culture changes over time.,Omenala na-agbanwe ka oge na-aga.
culture changes over time. today,Omenala na-agbanwe ka oge na-aga.
some traditions are still alive today.,Ụfọdụ omenala ka dị ndụ taa.
some traditions are still alive today. now,Ụfọdụ omenala ka dị ndụ taa.
we should respect different cultures.,Anyị kwesịrị ịkwanyere omenala dị iche iche ùgwù.
they should respect different cultures.,Anyị kwesịrị ịkwanyere omenala dị iche iche ùgwù.
we should respect different cultures. tomorrow,Anyị kwesịrị ịkwanyere omenala dị iche iche ùgwù.
different communities have different cultures.,Obodo dị iche iche nwere omenala dị iche iche.
different communities have different cultures. today,Obodo dị iche iche nwere omenala dị iche iche.
people speak different languages.,Ndị mmadụ na-asụ asụsụ dị iche iche.
people speak different languages. today,Ndị mmadụ na-asụ asụsụ dị iche iche.
language is an important part of culture.,Asụsụ bụ akụkụ dị mkpa nke omenala.
language is an important part of culture. now,Asụsụ bụ akụkụ dị mkpa nke omenala.
igbo is the language of the igbo people.,Igbo bụ asụsụ ndị Igbo.
igbo is the language of the igbo people. tomorrow,Igbo bụ asụsụ ndị Igbo.
language preserves the history of a community.,Asụsụ na-echekwa akụkọ obodo.
language preserves the history of a community. tomorrow,Asụsụ na-echekwa akụkọ obodo.
parents teach their children igbo.,Ndị nne na nna na-akụziri ụmụ ha Igbo.
parents teach their children igbo. now,Ndị nne na nna na-akụziri ụmụ ha Igbo.
children should learn their language.,Ụmụaka kwesịrị ịmụ asụsụ ha.
children should learn their language. tomorrow,Ụmụaka kwesịrị ịmụ asụsụ ha.
language helps people communicate.,Asụsụ na-enyere ndị mmadụ aka ịkparịta ụka.
language helps people communicate. now,Asụsụ na-enyere ndị mmadụ aka ịkparịta ụka.
the community uses igbo during celebrations.,Ndị obodo na-eji Igbo eme emume.
the community uses igbo during celebrations. tomorrow,Ndị obodo na-eji Igbo eme emume.
many people speak igbo at home.,Ọtụtụ mmadụ na-asụ Igbo n'ụlọ.
many people speak igbo at home. later,Ọtụtụ mmadụ na-asụ Igbo n'ụlọ.
respecting elders is an important tradition.,Ịkwanyere ndị okenye ùgwù bụ omenala dị mkpa.
respecting elders is an important tradition. tomorrow,Ịkwanyere ndị okenye ùgwù bụ omenala dị mkpa.
children greet elders.,Ụmụaka na-ekele ndị okenye.
children greet elders. today,Ụmụaka na-ekele ndị okenye.
elders give advice.,Ndị okenye na-enye ndụmọdụ.
elders give advice. today,Ndị okenye na-enye ndụmọdụ.
we should listen to elders' advice.,Anyị kwesịrị ige ndụmọdụ ndị okenye ntị.
they should listen to elders' advice.,Anyị kwesịrị ige ndụmọdụ ndị okenye ntị.
we should listen to elders' advice. later,Anyị kwesịrị ige ndụmọdụ ndị okenye ntị.
people help one another.,Ndị mmadụ na-enyere ibe ha aka.
people help one another. tomorrow,Ndị mmadụ na-enyere ibe ha aka.
working together is a good tradition.,Ịrụkọ ọrụ ọnụ bụ omenala dị mma.
working together is a good tradition. today,Ịrụkọ ọrụ ọnụ bụ omenala dị mma.
the community worked together.,Ndị obodo rụkọrọ ọrụ ọnụ.
the community worked together. today,Ndị obodo rụkọrọ ọrụ ọnụ.
they helped the family.,Ha nyere ezinụlọ ahụ aka.
we helped the family.,Ha nyere ezinụlọ ahụ aka.
they helped the family. tomorrow,Ha nyere ezinụlọ ahụ aka.
unity makes a community strong.,Ịdị n'otu na-eme ka obodo sie ike.
unity makes a community strong. now,Ịdị n'otu na-eme ka obodo sie ike.
culture teaches unity.,Omenala na-akụzi ịdị n'otu.
culture teaches unity. tomorrow,Omenala na-akụzi ịdị n'otu.
the igbo people value family.,Ndị Igbo ji ezinụlọ kpọrọ ihe.
the igbo people value family. now,Ndị Igbo ji ezinụlọ kpọrọ ihe.
the family is the foundation of the community.,Ezinụlọ bụ isi obodo.
the family is the foundation of the community. later,Ezinụlọ bụ isi obodo.
family members support one another.,Ndị ezinụlọ na-akwado ibe ha.
family members support one another. later,Ndị ezinụlọ na-akwado ibe ha.
our culture is something we should value.,Omenala anyị bụ ihe anyị kwesịrị iji kpọrọ ihe.
our culture is something we should value. today,Omenala anyị bụ ihe anyị kwesịrị iji kpọrọ ihe.
preserving culture helps future generations.,Ịchekwa omenala na-enyere ọgbọ na-abịa aka.
preserving culture helps future generations. today,Ịchekwa omenala na-enyere ọgbọ na-abịa aka.
hello.,Ndewo.
hello. today,Ndewo.
how are you?,Kedu ka ị mere?
how are you? now,Kedu ka ị mere?
i am fine.,Adị m mma.
we am fine.,Adị m mma.
i am fine. today,Adị m mma.
are you fine?,Ị dị mma?
are you fine? tomorrow,Ị dị mma?
i am well.,Ọ dị m mma.
we am well.,Ọ dị m mma.
i am well. now,Ọ dị m mma.
what are you doing?,Kedu ihe ị na-eme?
what are you doing? later,Kedu ihe ị na-eme?
i am at home.,Anọ m n'ụlọ.
we am at home.,Anọ m n'ụlọ.
i am at home. now,Anọ m n'ụlọ.
i am at work.,Anọ m n'ọrụ.
we am at work.,Anọ m n'ọrụ.
i am at work. today,Anọ m n'ọrụ.
where are you going?,Ebee ka ị na-aga?
where are you going? tomorrow,Ebee ka ị na-aga?
i am going to the market.,Anọ m na-aga ahịa.
we am going to the market.,Anọ m na-aga ahịa.
i am going to the market. tomorrow,Anọ m na-aga ahịa.
i am going to school.,Aga m ụlọ akwụkwọ.
we am going to school.,Aga m ụlọ akwụkwọ.
i am going to school. today,Aga m ụlọ akwụkwọ.
he is going to work.,Ọ na-aga ọrụ.
she is going to work.,Ọ na-aga ọrụ.
he is going to work. tomorrow,Ọ na-aga ọrụ.
where do you live?,Kedu ebe ị bi?
where do you live? now,Kedu ebe ị bi?
i live in this town.,Ana m ebi n'obodo a.
we live in this town.,Ana m ebi n'obodo a.
i live in this town. now,Ana m ebi n'obodo a.
what is your name?,Kedu aha gị?
what is your name? today,Kedu aha gị?
my name is chinedu.,Aha m bụ Chinedu.
my name is chinedu. tomorrow,Aha m bụ Chinedu.
i am happy to meet you.,Obi dị m ụtọ izute gị.
we am happy to meet you.,Obi dị m ụtọ izute gị.
i am happy to meet you. later,Obi dị m ụtọ izute gị.
i am also happy to meet you.,Obi dịkwa m ụtọ izute gị.
we am also happy to meet you.,Obi dịkwa m ụtọ izute gị.
i am also happy to meet you. now,Obi dịkwa m ụtọ izute gị.
it has been a long time.,Ọ dịla anya.
it has been a long time. now,Ọ dịla anya.
where are you?,Ebee ka ị nọ?
where are you? now,Ebee ka ị nọ?
i am here.,Anọ m ebe a.
we am here.,Anọ m ebe a.
i am here. now,Anọ m ebe a.
come here.,Bịa ebe a.
arrive here.,Bịa ebe a.
come here. later,Bịa ebe a.
go there.,Gaa ebe ahụ.
travel there.,Gaa ebe ahụ.
go there. today,Gaa ebe ahụ.
please sit down.,Biko nọdụ ala.
please sit down. now,Biko nọdụ ala.
please stand up.,Biko bilie.
please stand up. tomorrow,Biko bilie.
wait for a short while.,Chere obere oge.
wait for a short while. later,Chere obere oge.
i am coming now.,Abịa m ugbu a.
we am coming now.,Abịa m ugbu a.
i am coming now. now,Abịa m ugbu a.
i will come tomorrow.,Aga m abịa echi.
we will come tomorrow.,Aga m abịa echi.
i will arrive tomorrow.,Aga m abịa echi.
i will come tomorrow. tomorrow,Aga m abịa echi.
i am leaving now.,Aga m aga ugbu a.
we am leaving now.,Aga m aga ugbu a.
i am leaving now. now,Aga m aga ugbu a.
goodbye.,Ka ọ dị.
goodbye. today,Ka ọ dị.
good morning.,Ka chi fo.
good morning. later,Ka chi fo.
good afternoon.,Ehihie ọma.
good afternoon. today,Ehihie ọma.
good evening.,Ka chi bọọ.
good evening. later,Ka chi bọọ.
take care.,Jisie ike.
take care. now,Jisie ike.
thank you.,Daalụ.
thank you. now,Daalụ.
thank you very much.,Daalụ nke ukwuu.
thank you very much. later,Daalụ nke ukwuu.
welcome.,Nnọọ.
welcome. tomorrow,Nnọọ.
sorry.,Ndo.
sorry. tomorrow,Ndo.
it is nothing.,Ọ dịghị ihe.
it is nothing. now,Ọ dịghị ihe.
please help me.,Biko nyere m aka.
please help me. now,Biko nyere m aka.
i will help you.,Aga m enyere gị aka.
we will help you.,Aga m enyere gị aka.
i will help you. today,Aga m enyere gị aka.
do you need help?,Ị chọrọ enyemaka?
do you require help?,Ị chọrọ enyemaka?
do you need help? now,Ị chọrọ enyemaka?
"yes, i need help.","Ee, achọrọ m enyemaka."
"yes, i require help.","Ee, achọrọ m enyemaka."
"yes, i need help. later","Ee, achọrọ m enyemaka."
"no, i do not need help.","Mba, achọghị m enyemaka."
"no, i do not require help.","Mba, achọghị m enyemaka."
"no, i do not need help. tomorrow","Mba, achọghị m enyemaka."
do you understand?,Ị ghọtara?
do you understand? tomorrow,Ị ghọtara?
"yes, i understand.","Ee, aghọtara m."
"yes, i understand. today","Ee, aghọtara m."
"no, i do not understand.","Mba, aghọtaghị m."
"no, i do not understand. tomorrow","Mba, aghọtaghị m."
please say it again.,Biko kwuo ya ọzọ.
please say it again. tomorrow,Biko kwuo ya ọzọ.
speak slowly.,Kwuo nwayọọ.
speak slowly. later,Kwuo nwayọọ.
can you explain it?,Ị nwere ike ịkọwa ya?
can you explain it? tomorrow,Ị nwere ike ịkọwa ya?
i do not know.,Amaghị m.
we do not know.,Amaghị m.
i do not know. today,Amaghị m.
i know.,Ama m.
we know.,Ama m.
i know. today,Ama m.
do you know the answer?,Ị ma azịza ya?
do you know the answer? tomorrow,Ị ma azịza ya?
the answer is easy.,Azịza ya dị mfe.
the answer is easy. now,Azịza ya dị mfe.
this question is difficult.,Ajụjụ a siri ike.
this question is difficult. tomorrow,Ajụjụ a siri ike.
what do you want?,Gịnị ka ị chọrọ?
what do you want? today,Gịnị ka ị chọrọ?
i want water.,A chọrọ m mmiri.
we want water.,A chọrọ m mmiri.
i need water.,A chọrọ m mmiri.
i want water. today,A chọrọ m mmiri.
i want food.,A chọrọ m nri.
we want food.,A chọrọ m nri.
i need food.,A chọrọ m nri.
i want food. later,A chọrọ m nri.
i am hungry.,Agụụ na-agụ m.
we am hungry.,Agụụ na-agụ m.
i am hungry. tomorrow,Agụụ na-agụ m.
i am thirsty.,Akpịrị na-akpọ m nkụ.
we am thirsty.,Akpịrị na-akpọ m nkụ.
i am thirsty. tomorrow,Akpịrị na-akpọ m nkụ.
i am sleepy.,Ụra na-agụ m.
we am sleepy.,Ụra na-agụ m.
i am sleepy. later,Ụra na-agụ m.
i am not feeling well.,Anaghị m enwe ahụ ike.
we am not feeling well.,Anaghị m enwe ahụ ike.
i am not feeling well. today,Anaghị m enwe ahụ ike.
i am happy.,Enwere m obi ụtọ.
we am happy.,Enwere m obi ụtọ.
i am happy. later,Enwere m obi ụtọ.
i am not happy.,Obi adịghị m ụtọ.
we am not happy.,Obi adịghị m ụtọ.
i am not happy. now,Obi adịghị m ụtọ.
i am angry.,Iwe na-ewe m.
we am angry.,Iwe na-ewe m.
i am angry. tomorrow,Iwe na-ewe m.
do not be afraid.,Atụla egwu.
do not be afraid. today,Atụla egwu.
there is no problem.,Enweghị nsogbu.
there is no problem. later,Enweghị nsogbu.
it is okay.,Ọ dị mma.
it is okay. today,Ọ dị mma.
it is not good.,Ọ dịghị mma.
it is not good. now,Ọ dịghị mma.
you are right.,Ị kwuru eziokwu.
you are right. tomorrow,Ị kwuru eziokwu.
you are wrong.,Ị mehiere.
you are wrong. later,Ị mehiere.
i have an idea.,Enwere m echiche.
we have an idea.,Enwere m echiche.
i have an idea. today,Enwere m echiche.
that idea is good.,Echiche ahụ dị mma.
that idea is good. tomorrow,Echiche ahụ dị mma.
let us go.,Ka anyị gaa.
let us go. tomorrow,Ka anyị gaa.
let us start.,Ka anyị malite.
let us start. today,Ka anyị malite.
let us stop.,Ka anyị kwụsị.
let us stop. tomorrow,Ka anyị kwụsị.
what happened?,Gịnị mere?
what happened? tomorrow,Gịnị mere?
nothing happened.,Ọ dịghị ihe mere.
nothing happened. later,Ọ dịghị ihe mere.
who called you?,Ònye kpọrọ gị?
who called you? tomorrow,Ònye kpọrọ gị?
my mother called me.,Nne m kpọrọ m.
my mother called me. later,Nne m kpọrọ m.
do you have a phone?,Ị nwere ekwentị?
do you have a phone? tomorrow,Ị nwere ekwentị?
"yes, i have a phone.","Ee, enwere m ekwentị."
"yes, i have a phone. now","Ee, enwere m ekwentị."
call me when you arrive.,Kpọọ m mgbe ị rutere.
call me when you arrive. now,Kpọọ m mgbe ị rutere.
i will call you tomorrow.,Aga m akpọ gị echi.
we will call you tomorrow.,Aga m akpọ gị echi.
i will call you tomorrow. later,Aga m akpọ gị echi.
send me a message.,Zipụ m ozi.
send me a message. later,Zipụ m ozi.
i will send you a message.,Aga m ezitere gị ozi.
we will send you a message.,Aga m ezitere gị ozi.
i will send you a message. now,Aga m ezitere gị ozi.
what time is it?,Kedu oge ọ bụ?
what time is it? tomorrow,Kedu oge ọ bụ?
it is time.,Oge eruola.
it is time. later,Oge eruola.
it is eight o'clock.,Ọ bụ elekere asatọ.
it is eight o'clock. today,Ọ bụ elekere asatọ.
will you come tomorrow?,Ị ga-abịa echi?
will you arrive tomorrow?,Ị ga-abịa echi?
will you come tomorrow? tomorrow,Ị ga-abịa echi?
"yes, i will come.","Ee, aga m abịa."
"yes, i will come. tomorrow","Ee, aga m abịa."
"no, i will not come.","Mba, agaghị m abịa."
"no, i will not come. now","Mba, agaghị m abịa."
do you have time?,Ị nwere oge?
do you have time? later,Ị nwere oge?
"yes, i have time.","Ee, enwere m oge."
"yes, i have time. tomorrow","Ee, enwere m oge."
let us talk.,Ka anyị kwuo okwu.
let us talk. later,Ka anyị kwuo okwu.
i need to tell you something.,Ọ dị m mkpa ịgwa gị ihe.
we need to tell you something.,Ọ dị m mkpa ịgwa gị ihe.
i require to tell you something.,Ọ dị m mkpa ịgwa gị ihe.
i need to tell you something. later,Ọ dị m mkpa ịgwa gị ihe.
tell me what happened.,Gwa m ihe merenụ.
tell me what happened. later,Gwa m ihe merenụ.
i will see you later.,Aga m ahụ gị ma emechaa.
we will see you later.,Aga m ahụ gị ma emechaa.
i will meet you later.,Aga m ahụ gị ma emechaa.
i will see you later. now,Aga m ahụ gị ma emechaa.
have a good day.,Ka ụbọchị ọma.
have a good day. later,Ka ụbọchị ọma.
see you again.,Ka anyị hụ ọzọ.
meet you again.,Ka anyị hụ ọzọ.
see you again. now,Ka anyị hụ ọzọ.
the student is going to school.,Nwa akwụkwọ na-aga ụlọ akwụkwọ.
the student is going to school. today,Nwa akwụkwọ na-aga ụlọ akwụkwọ.
the students are studying.,Ụmụ akwụkwọ na-amụ ihe.
the students are studying. tomorrow,Ụmụ akwụkwọ na-amụ ihe.
the student is reading a book.,Nwa akwụkwọ na-agụ akwụkwọ.
the student is reading a book. tomorrow,Nwa akwụkwọ na-agụ akwụkwọ.
the teacher teaches the students.,Onye nkuzi na-akụzi ụmụ akwụkwọ.
the teacher teaches the students. today,Onye nkuzi na-akụzi ụmụ akwụkwọ.
the school is in the town.,Ụlọ akwụkwọ ahụ dị n'obodo.
the school is in the town. now,Ụlọ akwụkwọ ahụ dị n'obodo.
the children come to school on time.,Ụmụaka na-abịa n'ụlọ akwụkwọ n'oge.
the children arrive to school on time.,Ụmụaka na-abịa n'ụlọ akwụkwọ n'oge.
the children come to school on time. tomorrow,Ụmụaka na-abịa n'ụlọ akwụkwọ n'oge.
the school opened in the morning.,Ụlọ akwụkwọ ahụ meghere n'ụtụtụ.
the school opened in the morning. now,Ụlọ akwụkwọ ahụ meghere n'ụtụtụ.
the student has a book.,Nwa akwụkwọ ahụ nwere akwụkwọ.
the student has a book. now,Nwa akwụkwọ ahụ nwere akwụkwọ.
the book is on the table.,Akwụkwọ ahụ dị na tebụl.
the book is on the table. now,Akwụkwọ ahụ dị na tebụl.
the students are in the classroom.,Ụmụ akwụkwọ nọ na klaasị.
the students are in the classroom. today,Ụmụ akwụkwọ nọ na klaasị.
the teacher is in the classroom.,Onye nkuzi nọ na klaasị.
the teacher is in the classroom. today,Onye nkuzi nọ na klaasị.
the teacher wrote on the board.,Onye nkuzi dere n'elu bọọdụ.
the teacher wrote on the board. now,Onye nkuzi dere n'elu bọọdụ.
the students are writing.,Ụmụ akwụkwọ na-ede ihe.
the students are writing. later,Ụmụ akwụkwọ na-ede ihe.
the student uses a pencil to write.,Nwa akwụkwọ ahụ na-eji pensụl ede ihe.
the student uses a pencil to write. today,Nwa akwụkwọ ahụ na-eji pensụl ede ihe.
they use paper to write.,Ha na-eji akwụkwọ ede ihe.
we use paper to write.,Ha na-eji akwụkwọ ede ihe.
they use paper to write. later,Ha na-eji akwụkwọ ede ihe.
the teacher asked a question.,Onye nkuzi jụrụ ajụjụ.
the teacher asked a question. later,Onye nkuzi jụrụ ajụjụ.
the student answered the question.,Nwa akwụkwọ ahụ zara ajụjụ ahụ.
the student answered the question. now,Nwa akwụkwọ ahụ zara ajụjụ ahụ.
the question is easy.,Ajụjụ ahụ dị mfe.
the question is easy. later,Ajụjụ ahụ dị mfe.
the question is difficult.,Ajụjụ ahụ siri ike.
the question is difficult. later,Ajụjụ ahụ siri ike.
the students are learning new things.,Ụmụ akwụkwọ na-amụta ihe ọhụrụ.
the students are learning new things. later,Ụmụ akwụkwọ na-amụta ihe ọhụrụ.
learning is important.,Ọmụmụ ihe dị mkpa.
learning is important. now,Ọmụmụ ihe dị mkpa.
education helps people.,Agụmakwụkwọ na-enyere mmadụ aka.
education helps people. now,Agụmakwụkwọ na-enyere mmadụ aka.
children should go to school.,Ụmụaka kwesịrị ịga ụlọ akwụkwọ.
children should travel to school.,Ụmụaka kwesịrị ịga ụlọ akwụkwọ.
children should go to school. today,Ụmụaka kwesịrị ịga ụlọ akwụkwọ.
parents support education.,Ndị nne na nna na-akwado agụmakwụkwọ.
parents support education. today,Ndị nne na nna na-akwado agụmakwụkwọ.
the teacher helps the students.,Onye nkuzi na-enyere ụmụ akwụkwọ aka.
the teacher helps the students. later,Onye nkuzi na-enyere ụmụ akwụkwọ aka.
the student needs help.,Nwa akwụkwọ ahụ chọrọ enyemaka.
the student needs help. now,Nwa akwụkwọ ahụ chọrọ enyemaka.
the teacher explained the topic.,Onye nkuzi kọwara ihe ahụ.
the teacher explained the topic. now,Onye nkuzi kọwara ihe ahụ.
the students understood the lesson.,Ụmụ akwụkwọ ghọtara ihe ọmụmụ ahụ.
the students understood the lesson. later,Ụmụ akwụkwọ ghọtara ihe ọmụmụ ahụ.
the student did not understand the question.,Nwa akwụkwọ ahụ aghọtaghị ajụjụ ahụ.
the student did not understand the question. today,Nwa akwụkwọ ahụ aghọtaghị ajụjụ ahụ.
the teacher explained it again.,Onye nkuzi kọwara ya ọzọ.
the teacher explained it again. now,Onye nkuzi kọwara ya ọzọ.
they study mathematics.,Ha na-amụ mgbakọ na mwepụ.
we study mathematics.,Ha na-amụ mgbakọ na mwepụ.
they study mathematics. today,Ha na-amụ mgbakọ na mwepụ.
they study science.,Ha na-amụ sayensị.
we study science.,Ha na-amụ sayensị.
they study science. later,Ha na-amụ sayensị.
the students study the igbo language.,Ụmụ akwụkwọ na-amụ asụsụ Igbo.
the students study the igbo language. now,Ụmụ akwụkwọ na-amụ asụsụ Igbo.
they study english at school.,Ha na-amụ Bekee n'ụlọ akwụkwọ.
we study english at school.,Ha na-amụ Bekee n'ụlọ akwụkwọ.
they study english at school. later,Ha na-amụ Bekee n'ụlọ akwụkwọ.
history is an important subject.,Akụkọ ihe mere eme bụ isiokwu dị mkpa.
history is an important subject. tomorrow,Akụkọ ihe mere eme bụ isiokwu dị mkpa.
geography teaches about the world.,Geography na-akụzi banyere ụwa.
geography teaches about the world. later,Geography na-akụzi banyere ụwa.
the student likes science.,Nwa akwụkwọ ahụ hụrụ sayensị n'anya.
the student likes science. later,Nwa akwụkwọ ahụ hụrụ sayensị n'anya.
he likes reading.,Ọ masịrị ya ịgụ akwụkwọ.
she likes reading.,Ọ masịrị ya ịgụ akwụkwọ.
he likes reading. later,Ọ masịrị ya ịgụ akwụkwọ.
reading makes a person knowledgeable.,Ịgụ akwụkwọ na-eme ka mmadụ mara ihe.
reading makes a person knowledgeable. now,Ịgụ akwụkwọ na-eme ka mmadụ mara ihe.
the students read books in the library.,Ụmụ akwụkwọ na-agụ akwụkwọ n'ọbá akwụkwọ.
the students read books in the library. later,Ụmụ akwụkwọ na-agụ akwụkwọ n'ọbá akwụkwọ.
the library has many books.,Ọbá akwụkwọ ahụ nwere ọtụtụ akwụkwọ.
the library has many books. later,Ọbá akwụkwọ ahụ nwere ọtụtụ akwụkwọ.
the student borrowed a book.,Nwa akwụkwọ ahụ gbaziri akwụkwọ.
the student borrowed a book. tomorrow,Nwa akwụkwọ ahụ gbaziri akwụkwọ.
he returned the book.,Ọ laghachiri akwụkwọ ahụ.
she returned the book.,Ọ laghachiri akwụkwọ ahụ.
he returned the book. now,Ọ laghachiri akwụkwọ ahụ.
the students study at home.,Ụmụ akwụkwọ na-amụ ihe n'ụlọ.
the students study at home. tomorrow,Ụmụ akwụkwọ na-amụ ihe n'ụlọ.
he does homework.,Ọ na-eme ihe omume ụlọ.
she does homework.,Ọ na-eme ihe omume ụlọ.
he does homework. later,Ọ na-eme ihe omume ụlọ.
the teacher gave them homework.,Onye nkuzi nyere ha ọrụ ụlọ.
the teacher gave them homework. now,Onye nkuzi nyere ha ọrụ ụlọ.
they finished their homework.,Ha rụchara ọrụ ụlọ ha.
we finished their homework.,Ha rụchara ọrụ ụlọ ha.
they finished their homework. tomorrow,Ha rụchara ọrụ ụlọ ha.
the student is preparing for an examination.,Nwa akwụkwọ ahụ na-akwadebe maka ule.
the student is preparing for an examination. later,Nwa akwụkwọ ahụ na-akwadebe maka ule.
the examination will begin tomorrow.,Ule ahụ ga-amalite echi.
the examination will begin tomorrow. today,Ule ahụ ga-amalite echi.
the students wrote their examination.,Ụmụ akwụkwọ dere ule ha.
the students wrote their examination. tomorrow,Ụmụ akwụkwọ dere ule ha.
the examination was difficult.,Ule ahụ siri ike.
the examination was difficult. now,Ule ahụ siri ike.
the student passed the examination.,Nwa akwụkwọ ahụ gafere ule ahụ.
the student passed the examination. tomorrow,Nwa akwụkwọ ahụ gafere ule ahụ.
the student failed the examination.,Nwa akwụkwọ ahụ dara ule ahụ.
the student failed the examination. tomorrow,Nwa akwụkwọ ahụ dara ule ahụ.
he studied well.,Ọ gụrụ akwụkwọ nke ọma.
she studied well.,Ọ gụrụ akwụkwọ nke ọma.
he studied well. tomorrow,Ọ gụrụ akwụkwọ nke ọma.
studying helps students.,Ịgụ akwụkwọ na-enyere ụmụ akwụkwọ aka.
studying helps students. today,Ịgụ akwụkwọ na-enyere ụmụ akwụkwọ aka.
the teacher gave advice.,Onye nkuzi nyere ndụmọdụ.
the teacher gave advice. now,Onye nkuzi nyere ndụmọdụ.
the students listened to the teacher.,Ụmụ akwụkwọ gere onye nkuzi ntị.
the students listened to the teacher. now,Ụmụ akwụkwọ gere onye nkuzi ntị.
it is important to listen in class.,Ọ dị mkpa ige ntị na klaasị.
it is important to listen in class. now,Ọ dị mkpa ige ntị na klaasị.
the students asked many questions.,Ụmụ akwụkwọ jụrụ ọtụtụ ajụjụ.
the students asked many questions. later,Ụmụ akwụkwọ jụrụ ọtụtụ ajụjụ.
the teacher answered their questions.,Onye nkuzi zara ajụjụ ha.
the teacher answered their questions. now,Onye nkuzi zara ajụjụ ha.
the school has many classrooms.,Ụlọ akwụkwọ ahụ nwere ọtụtụ klaasị.
the school has many classrooms. now,Ụlọ akwụkwọ ahụ nwere ọtụtụ klaasị.
the classroom is clean.,Klaasị ahụ dị ọcha.
the classroom is clean. today,Klaasị ahụ dị ọcha.
the students are sitting on chairs.,Ụmụ akwụkwọ nọ ọdụ n'oche.
the students are sitting on chairs. later,Ụmụ akwụkwọ nọ ọdụ n'oche.
the teacher stood in front of the classroom.,Onye nkuzi guzoro n'ihu klaasị.
the teacher stood in front of the classroom. later,Onye nkuzi guzoro n'ihu klaasị.
the students work together.,Ụmụ akwụkwọ na-arụkọ ọrụ ọnụ.
the students work together. tomorrow,Ụmụ akwụkwọ na-arụkọ ọrụ ọnụ.
they did group work.,Ha mere ọrụ otu.
we did group work.,Ha mere ọrụ otu.
they did group work. later,Ha mere ọrụ otu.
working together helps students.,Ịrụkọ ọrụ ọnụ na-enyere ụmụ akwụkwọ aka.
working together helps students. later,Ịrụkọ ọrụ ọnụ na-enyere ụmụ akwụkwọ aka.
the student presented his work.,Nwa akwụkwọ ahụ gosipụtara ọrụ ya.
the student presented his work. today,Nwa akwụkwọ ahụ gosipụtara ọrụ ya.
the teacher checked the students' work.,Onye nkuzi nyochara ọrụ ụmụ akwụkwọ.
the teacher checked the students' work. now,Onye nkuzi nyochara ọrụ ụmụ akwụkwọ.
the teacher gave marks.,Onye nkuzi nyere akara.
the teacher gave marks. later,Onye nkuzi nyere akara.
the student got a high mark.,Nwa akwụkwọ ahụ nwetara akara dị elu.
the student got a high mark. later,Nwa akwụkwọ ahụ nwetara akara dị elu.
his work is good.,Ọrụ ya dị mma.
his work is good. today,Ọrụ ya dị mma.
the students compete in their studies.,Ụmụ akwụkwọ na-asọmpi n'ọmụmụ ihe.
the students compete in their studies. later,Ụmụ akwụkwọ na-asọmpi n'ọmụmụ ihe.
hard work brings success.,Ọrụ siri ike na-eweta ihe ịga nke ọma.
hard work brings success. later,Ọrụ siri ike na-eweta ihe ịga nke ọma.
he wants to go to university.,Ọ chọrọ ịga mahadum.
she wants to go to university.,Ọ chọrọ ịga mahadum.
he wants to travel to university.,Ọ chọrọ ịga mahadum.
he wants to go to university. today,Ọ chọrọ ịga mahadum.
the university has many students.,Mahadum ahụ nwere ọtụtụ ụmụ akwụkwọ.
the university has many students. tomorrow,Mahadum ahụ nwere ọtụtụ ụmụ akwụkwọ.
the student studies computer science.,Nwa akwụkwọ ahụ na-amụ sayensị kọmputa.
the student studies computer science. tomorrow,Nwa akwụkwọ ahụ na-amụ sayensị kọmputa.
he is studying for his examination.,Ọ na-amụ maka ule ya.
she is studying for his examination.,Ọ na-amụ maka ule ya.
he is studying for his examination. later,Ọ na-amụ maka ule ya.
university students conduct research.,Ụmụ akwụkwọ mahadum na-eme nchọpụta.
university students conduct research. later,Ụmụ akwụkwọ mahadum na-eme nchọpụta.
research is important in education.,Nchọpụta dị mkpa na agụmakwụkwọ.
research is important in education. now,Nchọpụta dị mkpa na agụmakwụkwọ.
the university lecturer taught the class.,Onye nkuzi mahadum kụziri klaasị.
the university lecturer taught the class. later,Onye nkuzi mahadum kụziri klaasị.
the students attended the lecture.,Ụmụ akwụkwọ gara nkuzi.
the students attended the lecture. now,Ụmụ akwụkwọ gara nkuzi.
the lecture was useful.,Nkuzi ahụ bara uru.
the lecture was useful. tomorrow,Nkuzi ahụ bara uru.
they wrote down their lessons.,Ha debere ihe ọmụmụ ha.
we wrote down their lessons.,Ha debere ihe ọmụmụ ha.
they wrote down their lessons. later,Ha debere ihe ọmụmụ ha.
the internet helps students learn.,Ịntanetị na-enyere ụmụ akwụkwọ aka ịmụ ihe.
the internet helps students learn. later,Ịntanetị na-enyere ụmụ akwụkwọ aka ịmụ ihe.
students use computers to learn.,Ụmụ akwụkwọ na-eji kọmputa amụ ihe.
students use computers to learn. today,Ụmụ akwụkwọ na-eji kọmputa amụ ihe.
online learning is popular.,Ọmụmụ ihe n'ịntanetị na-ewu ewu.
online learning is popular. later,Ọmụmụ ihe n'ịntanetị na-ewu ewu.
the student attended an online class.,Nwa akwụkwọ ahụ gara klasị n'ịntanetị.
the student attended an online class. tomorrow,Nwa akwụkwọ ahụ gara klasị n'ịntanetị.
the teacher sent learning materials online.,Onye nkuzi zitere ihe ọmụmụ n'ịntanetị.
the teacher sent learning materials online. later,Onye nkuzi zitere ihe ọmụmụ n'ịntanetị.
students need good learning resources.,Ụmụ akwụkwọ chọrọ ezigbo akụrụngwa.
students require good learning resources.,Ụmụ akwụkwọ chọrọ ezigbo akụrụngwa.
students need good learning resources. now,Ụmụ akwụkwọ chọrọ ezigbo akụrụngwa.
books help students.,Akwụkwọ na-enyere ụmụ akwụkwọ aka.
books help students. later,Akwụkwọ na-enyere ụmụ akwụkwọ aka.
learning requires patience.,Ọmụmụ ihe chọrọ ndidi.
learning requires patience. now,Ọmụmụ ihe chọrọ ndidi.
it is important to study every day.,Ọ dị mkpa ịmụ ihe kwa ụbọchị.
it is important to study every day. today,Ọ dị mkpa ịmụ ihe kwa ụbọchị.
the students are doing well.,Ụmụ akwụkwọ na-eme nke ọma.
the students are doing well. later,Ụmụ akwụkwọ na-eme nke ọma.
education opens the way to the future.,Agụmakwụkwọ na-emeghe ụzọ maka ọdịnihu.
education opens the way to the future. today,Agụmakwụkwọ na-emeghe ụzọ maka ọdịnihu.
the student has a big dream.,Nwa akwụkwọ ahụ nwere nnukwu nrọ.
the student has a big dream. today,Nwa akwụkwọ ahụ nwere nnukwu nrọ.
he wants to become a teacher.,Ọ chọrọ ịghọ onye nkuzi.
she wants to become a teacher.,Ọ chọrọ ịghọ onye nkuzi.
he wants to become a teacher. later,Ọ chọrọ ịghọ onye nkuzi.
learning helps a person achieve their goals.,Ọmụmụ ihe na-enyere mmadụ aka iru ihe mgbaru ọsọ ya.
learning helps a person achieve their goals. now,Ọmụmụ ihe na-enyere mmadụ aka iru ihe mgbaru ọsọ ya.
students should work hard.,Ụmụ akwụkwọ kwesịrị ịrụsi ọrụ ike.
students should work hard. later,Ụmụ akwụkwọ kwesịrị ịrụsi ọrụ ike.
education is essential for community development.,Agụmakwụkwọ bụ isi ihe na mmepe obodo.
education is essential for community development. now,Agụmakwụkwọ bụ isi ihe na mmepe obodo.
good morning.,Ụtụtụ ọma.
good morning. today,Ụtụtụ ọma.
thank you.,Ekele dịrị gị.
thank you. tomorrow,Ekele dịrị gị.
please.,Biko.
please. later,Biko.
where do you live?,Ebee ka ị bi?
where do you live? tomorrow,Ebee ka ị bi?
what are you doing?,Ị na-eme gịnị?
what are you doing? now,Ị na-eme gịnị?
i am working.,Ana m arụ ọrụ.
we am working.,Ana m arụ ọrụ.
i am working. later,Ana m arụ ọrụ.
i am going home.,Ana m aga ụlọ.
we am going home.,Ana m aga ụlọ.
i am going home. tomorrow,Ana m aga ụlọ.
he came in the morning.,Ọ bịara n'ụtụtụ.
she came in the morning.,Ọ bịara n'ụtụtụ.
he came in the morning. tomorrow,Ọ bịara n'ụtụtụ.
we will see you tomorrow.,Anyị ga-ahụ gị echi.
they will see you tomorrow.,Anyị ga-ahụ gị echi.
we will meet you tomorrow.,Anyị ga-ahụ gị echi.
we will see you tomorrow. later,Anyị ga-ahụ gị echi.
i need help.,Achọrọ m enyemaka.
we need help.,Achọrọ m enyemaka.
i require help.,Achọrọ m enyemaka.
i need help. tomorrow,Achọrọ m enyemaka.
i understand.,Aghọtara m.
we understand.,Aghọtara m.
i understand. later,Aghọtara m.
i do not understand.,Aghọtaghị m.
we do not understand.,Aghọtaghị m.
i do not understand. tomorrow,Aghọtaghị m.
"no, i do not have time.","Mba, enweghị m oge."
"no, i do not have time. today","Mba, enweghị m oge."
do you need anything?,Ị chọrọ ihe ọ bụla?
do you require anything?,Ị chọrọ ihe ọ bụla?
do you need anything? later,Ị chọrọ ihe ọ bụla?
"yes, i need water.","Eeh, achọrọ m mmiri."
"yes, i require water.","Eeh, achọrọ m mmiri."
"yes, i need water. today","Eeh, achọrọ m mmiri."
"no, i do not need anything.","Mba, achọghị m ihe ọ bụla."
"no, i do not require anything.","Mba, achọghị m ihe ọ bụla."
"no, i do not need anything. today","Mba, achọghị m ihe ọ bụla."
do you know this place?,Ị maara ebe a?
do you know this place? tomorrow,Ị maara ebe a?
i do not know that place.,Amaghị m ebe ahụ.
we do not know that place.,Amaghị m ebe ahụ.
i do not know that place. now,Amaghị m ebe ahụ.
can you tell me?,Ị nwere ike ịgwa m?
can you tell me? today,Ị nwere ike ịgwa m?
i have a question.,Enwere m ajụjụ.
we have a question.,Enwere m ajụjụ.
i have a question. today,Enwere m ajụjụ.
what is this?,Gịnị ka nke a bụ?
what is this? today,Gịnị ka nke a bụ?
this is a book.,Nke a bụ akwụkwọ.
this is a book. now,Nke a bụ akwụkwọ.
where is the book?,Ebee ka akwụkwọ ahụ dị?
where is the book? now,Ebee ka akwụkwọ ahụ dị?
who are you looking for?,Onye ka ị na-achọ?
who are you looking for? today,Onye ka ị na-achọ?
i am looking for my friend.,Ana m achọ enyi m.
we am looking for my friend.,Ana m achọ enyi m.
i am looking for my friend. now,Ana m achọ enyi m.
he is at home.,Ọ nọ n'ụlọ.
she is at home.,Ọ nọ n'ụlọ.
he is at home. now,Ọ nọ n'ụlọ.
he went to the market.,Ọ gara ahịa.
she went to the market.,Ọ gara ahịa.
he went to the market. now,Ọ gara ahịa.
we are here.,Anyị nọ ebe a.
they are here.,Anyị nọ ebe a.
we are here. later,Anyị nọ ebe a.
wait a moment.,Chere ntakịrị.
wait a moment. today,Chere ntakịrị.
come here.,Abịala ebe a.
arrive here.,Abịala ebe a.
come here. now,Abịala ebe a.
sit down.,Nọdụ ala.
sit down. later,Nọdụ ala.
stand up.,Bilie.
stand up. tomorrow,Bilie.
open the door.,Mepee ụzọ.
open the door. tomorrow,Mepee ụzọ.
close the door.,Mechie ụzọ.
close the door. now,Mechie ụzọ.
open the book.,Mepee akwụkwọ.
open the book. today,Mepee akwụkwọ.
write your name.,Dee aha gị.
write your name. now,Dee aha gị.
read the book.,Gụọ akwụkwọ ahụ.
read the book. tomorrow,Gụọ akwụkwọ ahụ.
listen.,Gee ntị.
listen. today,Gee ntị.
look at this.,Lee nke a.
look at this. today,Lee nke a.
it is hot today.,Ọ dị ọkụ taa.
it is hot today. tomorrow,Ọ dị ọkụ taa.
it is cold today.,Ọ dị oyi taa.
it is cold today. later,Ọ dị oyi taa.
it is raining.,Mmiri na-ezo.
it is raining. later,Mmiri na-ezo.
the weather is good.,Ihu igwe dị mma.
the weather is good. now,Ihu igwe dị mma.
the day is beautiful.,Ụbọchị ahụ mara mma.
the day is beautiful. today,Ụbọchị ahụ mara mma.
the night is quiet.,Abalị dị jụụ.
the night is quiet. now,Abalị dị jụụ.
i want to eat.,Achọrọ m iri nri.
we want to eat.,Achọrọ m iri nri.
i need to eat.,Achọrọ m iri nri.
i want to eat. today,Achọrọ m iri nri.
i want to drink water.,Achọrọ m ịṅụ mmiri.
we want to drink water.,Achọrọ m ịṅụ mmiri.
i need to drink water.,Achọrọ m ịṅụ mmiri.
i want to drink water. tomorrow,Achọrọ m ịṅụ mmiri.
the food is ready.,Nri dị njikere.
the food is ready. today,Nri dị njikere.
the food is delicious.,Nri ahụ dị ụtọ.
the food is delicious. today,Nri ahụ dị ụtọ.
i am happy.,Ana m enwe obi ụtọ.
we am happy.,Ana m enwe obi ụtọ.
i am happy. tomorrow,Ana m enwe obi ụtọ.
i am sad.,Ana m enwe mwute.
we am sad.,Ana m enwe mwute.
i am sad. later,Ana m enwe mwute.
i am afraid.,Atụrụ m egwu.
we am afraid.,Atụrụ m egwu.
i am afraid. tomorrow,Atụrụ m egwu.
i have hope.,Enwere m olileanya.
we have hope.,Enwere m olileanya.
i have hope. today,Enwere m olileanya.
i feel tired.,Ọ dị m ka ike gwụrụ m.
we feel tired.,Ọ dị m ka ike gwụrụ m.
i feel tired. tomorrow,Ọ dị m ka ike gwụrụ m.
i am sleeping.,Ana m ehi ụra.
we am sleeping.,Ana m ehi ụra.
i am sleeping. today,Ana m ehi ụra.
i have woken up.,Etetaala m.
we have woken up.,Etetaala m.
i have woken up. later,Etetaala m.
it is time to go.,Ọ bụ oge ịga.
it is time to go. later,Ọ bụ oge ịga.
i have arrived now.,Abịara m ugbu a.
we have arrived now.,Abịara m ugbu a.
i have arrived now. today,Abịara m ugbu a.
he returned home.,Ọ lọtara n'ụlọ.
she returned home.,Ọ lọtara n'ụlọ.
he returned home. later,Ọ lọtara n'ụlọ.
we met today.,Anyị zutere taa.
they met today.,Anyị zutere taa.
we met today. tomorrow,Anyị zutere taa.
he is my good friend.,Ọ bụ ezigbo enyi m.
she is my good friend.,Ọ bụ ezigbo enyi m.
he is my good friend. later,Ọ bụ ezigbo enyi m.
my family is important to me.,Ezinụlọ m dị mkpa nye m.
my family is important to me. now,Ezinụlọ m dị mkpa nye m.
i love my family.,Ana m ahụ ezinụlọ m n'anya.
we love my family.,Ana m ahụ ezinụlọ m n'anya.
i love my family. later,Ana m ahụ ezinụlọ m n'anya.
my mother is at home.,Nne m nọ n'ụlọ.
my mother is at home. now,Nne m nọ n'ụlọ.
my father went to work.,Nna m gara ọrụ.
my father went to work. tomorrow,Nna m gara ọrụ.
the children are playing.,Ụmụaka na-egwu egwu.
the children are playing. later,Ụmụaka na-egwu egwu.
they are laughing.,Ha na-achị ọchị.
we are laughing.,Ha na-achị ọchị.
they are laughing. later,Ha na-achị ọchị.
he is telling the truth.,Ọ na-ekwu eziokwu.
she is telling the truth.,Ọ na-ekwu eziokwu.
he is telling the truth. later,Ọ na-ekwu eziokwu.
i will not forget it.,Agaghị m echefu ya.
we will not forget it.,Agaghị m echefu ya.
i will not forget it. tomorrow,Agaghị m echefu ya.
i remember it.,Ana m echeta ya.
we remember it.,Ana m echeta ya.
i remember it. tomorrow,Ana m echeta ya.
it is important.,Ọ dị mkpa.
it is important. now,Ọ dị mkpa.
it is not a problem.,Ọ bụghị nsogbu.
it is not a problem. today,Ọ bụghị nsogbu.
no problem.,Enweghị nsogbu.
no problem. tomorrow,Enweghị nsogbu.
it is very good.,Ọ dị mma nke ukwuu.
it is very good. later,Ọ dị mma nke ukwuu.
it is bad.,Ọ dị njọ.
it is bad. now,Ọ dị njọ.
i like it.,Ọ masịrị m.
we like it.,Ọ masịrị m.
i like it. later,Ọ masịrị m.
i do not like it.,Ọ masịghị m.
we do not like it.,Ọ masịghị m.
i do not like it. later,Ọ masịghị m.
i want to learn.,Achọrọ m ịmụ ihe.
we want to learn.,Achọrọ m ịmụ ihe.
i need to learn.,Achọrọ m ịmụ ihe.
i want to learn. tomorrow,Achọrọ m ịmụ ihe.
learning is important.,Ịmụ ihe dị mkpa.
learning is important. today,Ịmụ ihe dị mkpa.
we should work together.,Anyị kwesịrị ịrụkọ ọrụ ọnụ.
they should work together.,Anyị kwesịrị ịrụkọ ọrụ ọnụ.
we should work together. later,Anyị kwesịrị ịrụkọ ọrụ ọnụ.
there are many things we can do.,Ọtụtụ ihe ka anyị nwere ike ime.
there are many things we can do. tomorrow,Ọtụtụ ihe ka anyị nwere ike ime.
we will move forward.,Anyị ga-aga n'ihu.
they will move forward.,Anyị ga-aga n'ihu.
we will move forward. now,Anyị ga-aga n'ihu.
the future will be good.,Ọdịnihu ga-adị mma.
the future will be good. later,Ọdịnihu ga-adị mma.
the government manages the community.,Gọọmenti na-elekọta obodo.
the government manages the community. now,Gọọmenti na-elekọta obodo.
the government provides public services.,Gọọmenti na-enye ọrụ ọha.
the government provides public services. tomorrow,Gọọmenti na-enye ọrụ ọha.
people elect leaders.,Ndị mmadụ na-ahọpụta ndị isi.
people elect leaders. tomorrow,Ndị mmadụ na-ahọpụta ndị isi.
leaders serve the community.,Ndị isi na-eje ozi nye obodo.
leaders serve the community. tomorrow,Ndị isi na-eje ozi nye obodo.
the community leader has an important responsibility.,Onye isi obodo nwere ọrụ dị mkpa.
the community leader has an important responsibility. tomorrow,Onye isi obodo nwere ọrụ dị mkpa.
the people elected a new leader.,Ndị mmadụ họpụtara onye isi ọhụrụ.
the people elected a new leader. tomorrow,Ndị mmadụ họpụtara onye isi ọhụrụ.
the leader listens to the people.,Onye isi ahụ na-ege ndị mmadụ ntị.
the leader listens to the people. today,Onye isi ahụ na-ege ndị mmadụ ntị.
the citizens have rights.,Ndị obodo nwere ikike.
the citizens have rights. now,Ndị obodo nwere ikike.
everyone should respect the law.,Onye ọ bụla kwesịrị ịkwanyere iwu ùgwù.
everyone should respect the law. today,Onye ọ bụla kwesịrị ịkwanyere iwu ùgwù.
laws help maintain peace.,Iwu na-enyere aka idobe udo.
laws help maintain peace. now,Iwu na-enyere aka idobe udo.
the police protect the community.,Polis na-echekwa obodo.
the police protect the community. later,Polis na-echekwa obodo.
the police officers do their work.,Ndị uwe ojii na-arụ ọrụ ha.
the police officers do their work. later,Ndị uwe ojii na-arụ ọrụ ha.
the community needs security.,Obodo chọrọ nchekwa.
the community needs security. now,Obodo chọrọ nchekwa.
people want to live in peace.,Ndị mmadụ chọrọ ibi n'udo.
people need to live in peace.,Ndị mmadụ chọrọ ibi n'udo.
people want to live in peace. later,Ndị mmadụ chọrọ ibi n'udo.
the government builds schools.,Gọọmenti na-arụ ụlọ akwụkwọ.
the government builds schools. later,Gọọmenti na-arụ ụlọ akwụkwọ.
the government builds hospitals.,Gọọmenti na-arụ ụlọ ọgwụ.
the government builds hospitals. later,Gọọmenti na-arụ ụlọ ọgwụ.
public hospitals help people.,Ụlọ ọgwụ ọha na-enyere ndị mmadụ aka.
public hospitals help people. today,Ụlọ ọgwụ ọha na-enyere ndị mmadụ aka.
public schools provide education.,Ụlọ akwụkwọ ọha na-enye agụmakwụkwọ.
public schools provide education. today,Ụlọ akwụkwọ ọha na-enye agụmakwụkwọ.
the government builds roads.,Gọọmenti na-arụ ụzọ.
the government builds roads. tomorrow,Gọọmenti na-arụ ụzọ.
good roads help transportation.,Ụzọ ọma na-enyere njem aka.
good roads help transportation. now,Ụzọ ọma na-enyere njem aka.
many people use this road.,Ọtụtụ mmadụ na-eji ụzọ a.
many people use this road. later,Ọtụtụ mmadụ na-eji ụzọ a.
the government provides drinking water.,Gọọmenti na-enye mmiri ọṅụṅụ.
the government provides drinking water. now,Gọọmenti na-enye mmiri ọṅụṅụ.
clean water is important.,Mmiri dị ọcha dị mkpa.
clean water is important. tomorrow,Mmiri dị ọcha dị mkpa.
the community needs electricity.,Obodo chọrọ ọkụ eletrik.
the community needs electricity. tomorrow,Obodo chọrọ ọkụ eletrik.
the government works to improve life.,Gọọmenti na-arụ ọrụ iji meziwanye ndụ.
the government works to improve life. later,Gọọmenti na-arụ ọrụ iji meziwanye ndụ.
leaders should work for the people.,Ndị isi kwesịrị ịrụ ọrụ maka ndị mmadụ.
leaders should work for the people. tomorrow,Ndị isi kwesịrị ịrụ ọrụ maka ndị mmadụ.
people expect good governance.,Ndị mmadụ na-atụ anya ezi ọchịchị.
people expect good governance. later,Ndị mmadụ na-atụ anya ezi ọchịchị.
good governance helps the community.,Ezi ọchịchị na-enyere obodo aka.
good governance helps the community. tomorrow,Ezi ọchịchị na-enyere obodo aka.
the government should listen to the people.,Gọọmenti kwesịrị ige ndị mmadụ ntị.
the government should listen to the people. tomorrow,Gọọmenti kwesịrị ige ndị mmadụ ntị.
people can express their opinions.,Ndị mmadụ nwere ike ikwu echiche ha.
people can express their opinions. later,Ndị mmadụ nwere ike ikwu echiche ha.
the people attended a community meeting.,Ndị mmadụ gara nzukọ obodo.
the people attended a community meeting. tomorrow,Ndị mmadụ gara nzukọ obodo.
the leaders called a meeting.,Ndị isi kpọrọ nzukọ.
the leaders called a meeting. tomorrow,Ndị isi kpọrọ nzukọ.
the meeting took place in the meeting hall.,Nzukọ ahụ mere n'ụlọ nzukọ.
the meeting took place in the meeting hall. tomorrow,Nzukọ ahụ mere n'ụlọ nzukọ.
they discussed community problems.,Ha kwurịtara banyere nsogbu obodo.
we discussed community problems.,Ha kwurịtara banyere nsogbu obodo.
they discussed community problems. now,Ha kwurịtara banyere nsogbu obodo.
the people gave advice.,Ndị mmadụ nyere ndụmọdụ.
the people gave advice. today,Ndị mmadụ nyere ndụmọdụ.
the leader made a promise.,Onye isi ahụ kwere nkwa.
the leader made a promise. now,Onye isi ahụ kwere nkwa.
the government promised to build roads.,Gọọmenti kwere nkwa ịrụ ụzọ.
the government promised to build roads. tomorrow,Gọọmenti kwere nkwa ịrụ ụzọ.
they started the work.,Ha malitere ọrụ ahụ.
we started the work.,Ha malitere ọrụ ahụ.
they started the work. today,Ha malitere ọrụ ahụ.
the work is still continuing.,Ọrụ ahụ ka na-aga n'ihu.
the work is still continuing. now,Ọrụ ahụ ka na-aga n'ihu.
the new building is being constructed.,Ụlọ ọhụrụ ahụ na-ewu.
the new building is being constructed. now,Ụlọ ọhụrụ ahụ na-ewu.
the government collects taxes.,Gọọmenti na-anakọta ụtụ isi.
the government collects taxes. now,Gọọmenti na-anakọta ụtụ isi.
people pay taxes.,Ndị mmadụ na-akwụ ụtụ isi.
people pay taxes. later,Ndị mmadụ na-akwụ ụtụ isi.
taxes help the government.,Ụtụ isi na-enyere gọọmenti aka.
taxes help the government. tomorrow,Ụtụ isi na-enyere gọọmenti aka.
the government uses public money for projects.,Gọọmenti na-eji ego ọha arụ ọrụ.
the government uses public money for projects. tomorrow,Gọọmenti na-eji ego ọha arụ ọrụ.
it is important to use public money properly.,Ọ dị mkpa iji ego ọha mee ihe nke ọma.
it is important to use public money properly. today,Ọ dị mkpa iji ego ọha mee ihe nke ọma.
people want to know how their money is used.,Ndị mmadụ chọrọ ịma otú e si eji ego ha.
people need to know how their money is used.,Ndị mmadụ chọrọ ịma otú e si eji ego ha.
people want to know how their money is used. now,Ndị mmadụ chọrọ ịma otú e si eji ego ha.
transparency is important in governance.,Nghọta dị mkpa na ọchịchị.
transparency is important in governance. tomorrow,Nghọta dị mkpa na ọchịchị.
leaders should be accountable.,Ndị isi kwesịrị ịza ajụjụ.
leaders should be accountable. now,Ndị isi kwesịrị ịza ajụjụ.
the government issues licenses.,Gọọmenti na-enye akwụkwọ ikike.
the government issues licenses. tomorrow,Gọọmenti na-enye akwụkwọ ikike.
that person needs a license.,Onye ahụ chọrọ akwụkwọ ikike.
that person needs a license. now,Onye ahụ chọrọ akwụkwọ ikike.
he went to a government office.,Ọ gara ụlọ ọrụ gọọmenti.
she went to a government office.,Ọ gara ụlọ ọrụ gọọmenti.
he went to a government office. tomorrow,Ọ gara ụlọ ọrụ gọọmenti.
the office provides public services.,Ụlọ ọrụ ahụ na-enye ọrụ ọha.
the office provides public services. today,Ụlọ ọrụ ahụ na-enye ọrụ ọha.
people seek important documents.,Ndị mmadụ na-achọ akwụkwọ dị mkpa.
people seek important documents. now,Ndị mmadụ na-achọ akwụkwọ dị mkpa.
he received his document.,Ọ natara akwụkwọ ya.
she received his document.,Ọ natara akwụkwọ ya.
he received his document. tomorrow,Ọ natara akwụkwọ ya.
it is important to register.,Ọ dị mkpa ịdebanye aha.
it is important to register. today,Ọ dị mkpa ịdebanye aha.
people registered their names.,Ndị mmadụ debara aha ha.
people registered their names. today,Ndị mmadụ debara aha ha.
the government keeps public records.,Gọọmenti na-echekwa ndekọ obodo.
the government keeps public records. tomorrow,Gọọmenti na-echekwa ndekọ obodo.
the record contains important information.,Ndekọ ahụ nwere ozi dị mkpa.
the record contains important information. now,Ndekọ ahụ nwere ozi dị mkpa.
the citizens need jobs.,Ndị obodo chọrọ ọrụ.
the citizens require jobs.,Ndị obodo chọrọ ọrụ.
the citizens need jobs. later,Ndị obodo chọrọ ọrụ.
the government creates job opportunities.,Gọọmenti na-emepụta ohere ọrụ.
the government creates job opportunities. today,Gọọmenti na-emepụta ohere ọrụ.
jobs help families.,Ọrụ na-enyere ezinụlọ aka.
jobs help families. today,Ọrụ na-enyere ezinụlọ aka.
many young people are looking for jobs.,Ọtụtụ ndị ntorobịa na-achọ ọrụ.
many young people are looking for jobs. tomorrow,Ọtụtụ ndị ntorobịa na-achọ ọrụ.
training helps young people.,Ọzụzụ na-enyere ndị ntorobịa aka.
training helps young people. later,Ọzụzụ na-enyere ndị ntorobịa aka.
the government started a training program.,Gọọmenti malitere mmemme ọzụzụ.
the government started a training program. later,Gọọmenti malitere mmemme ọzụzụ.
the program helps many people.,Mmemme ahụ na-enyere ọtụtụ mmadụ aka.
the program helps many people. later,Mmemme ahụ na-enyere ọtụtụ mmadụ aka.
people can participate in the program.,Ndị mmadụ nwere ike isonye na mmemme ahụ.
people can participate in the program. tomorrow,Ndị mmadụ nwere ike isonye na mmemme ahụ.
the government supports agriculture.,Gọọmenti na-akwado ọrụ ugbo.
the government supports agriculture. now,Gọọmenti na-akwado ọrụ ugbo.
the farmers received assistance.,Ndị ọrụ ugbo nwetara enyemaka.
the farmers received assistance. today,Ndị ọrụ ugbo nwetara enyemaka.
the assistance helped the farmers.,Enyemaka ahụ nyere ndị ọrụ ugbo aka.
the assistance helped the farmers. tomorrow,Enyemaka ahụ nyere ndị ọrụ ugbo aka.
the government supports small businesses.,Gọọmenti na-akwado obere azụmahịa.
the government supports small businesses. later,Gọọmenti na-akwado obere azụmahịa.
small businesses create jobs.,Obere azụmahịa na-emepụta ọrụ.
small businesses create jobs. today,Obere azụmahịa na-emepụta ọrụ.
many people depend on small businesses.,Ọtụtụ mmadụ na-adabere n'obere azụmahịa.
many people depend on small businesses. today,Ọtụtụ mmadụ na-adabere n'obere azụmahịa.
the government protects the environment.,Gọọmenti na-echekwa gburugburu ebe obibi.
the government protects the environment. later,Gọọmenti na-echekwa gburugburu ebe obibi.
pollution damages the environment.,Gbururu na-emebi gburugburu ebe obibi.
pollution damages the environment. later,Gbururu na-emebi gburugburu ebe obibi.
people should protect the environment.,Ndị mmadụ kwesịrị ichekwa gburugburu ebe obibi.
people should protect the environment. today,Ndị mmadụ kwesịrị ichekwa gburugburu ebe obibi.
the government made a new law.,Gọọmenti mere iwu ọhụrụ.
the government made a new law. today,Gọọmenti mere iwu ọhụrụ.
the new law came into effect.,Iwu ọhụrụ ahụ malitere ịrụ ọrụ.
the new law came into effect. now,Iwu ọhụrụ ahụ malitere ịrụ ọrụ.
people learned about the law.,Ndị mmadụ mụtara banyere iwu ahụ.
people learned about the law. now,Ndị mmadụ mụtara banyere iwu ahụ.
it is important to follow the law.,Ọ dị mkpa ịgbaso iwu.
it is important to follow the law. tomorrow,Ọ dị mkpa ịgbaso iwu.
a person who breaks the law may be punished.,Onye mebiri iwu nwere ike ịta ahụhụ.
a person who breaks the law may be punished. today,Onye mebiri iwu nwere ike ịta ahụhụ.
the court handles legal matters.,Ụlọ ikpe na-eleba anya n'okwu iwu.
the court handles legal matters. now,Ụlọ ikpe na-eleba anya n'okwu iwu.
a lawyer helps people.,Onye ọka iwu na-enyere ndị mmadụ aka.
a lawyer helps people. today,Onye ọka iwu na-enyere ndị mmadụ aka.
people want justice.,Ndị mmadụ chọrọ ikpe ziri ezi.
people need justice.,Ndị mmadụ chọrọ ikpe ziri ezi.
people want justice. later,Ndị mmadụ chọrọ ikpe ziri ezi.
justice is important in a community.,Ikpe ziri ezi dị mkpa n'obodo.
justice is important in a community. now,Ikpe ziri ezi dị mkpa n'obodo.
the government supports public health.,Gọọmenti na-akwado ahụike ọha.
the government supports public health. later,Gọọmenti na-akwado ahụike ọha.
health workers help patients.,Ndị ọrụ ahụike na-enyere ndị ọrịa aka.
health workers help patients. later,Ndị ọrụ ahụike na-enyere ndị ọrịa aka.
disease can affect a community.,Ọrịa nwere ike imetụta obodo.
disease can affect a community. later,Ọrịa nwere ike imetụta obodo.
the government conducts health campaigns.,Gọọmenti na-eme mkpọsa ahụike.
the government conducts health campaigns. tomorrow,Gọọmenti na-eme mkpọsa ahụike.
health campaigns provide important information.,Mkpọsa ahụike na-enye ozi dị mkpa.
health campaigns provide important information. later,Mkpọsa ahụike na-enye ozi dị mkpa.
people should follow health advice.,Ndị mmadụ kwesịrị ịgbaso ndụmọdụ ahụike.
people should follow health advice. tomorrow,Ndị mmadụ kwesịrị ịgbaso ndụmọdụ ahụike.
the government supports education.,Gọọmenti na-akwado agụmakwụkwọ.
the government supports education. today,Gọọmenti na-akwado agụmakwụkwọ.
all children should receive education.,Ụmụaka niile kwesịrị inweta agụmakwụkwọ.
all children should receive education. today,Ụmụaka niile kwesịrị inweta agụmakwụkwọ.
education helps a community develop.,Agụmakwụkwọ na-enyere obodo aka ito eto.
education helps a community develop. now,Agụmakwụkwọ na-enyere obodo aka ito eto.
leaders make plans for the future.,Ndị isi na-eme atụmatụ maka ọdịnihu.
leaders make plans for the future. now,Ndị isi na-eme atụmatụ maka ọdịnihu.
the plan is for community development.,Atụmatụ ahụ bụ maka mmepe obodo.
the plan is for community development. tomorrow,Atụmatụ ahụ bụ maka mmepe obodo.
development requires the support of the people.,Mmepe chọrọ nkwado nke ndị mmadụ.
development requires the support of the people. today,Mmepe chọrọ nkwado nke ndị mmadụ.
people work together with the government.,Ndị mmadụ na-arụkọ ọrụ na gọọmenti.
people work together with the government. now,Ndị mmadụ na-arụkọ ọrụ na gọọmenti.
working together brings development.,Ịrụkọ ọrụ ọnụ na-eweta mmepe.
working together brings development. now,Ịrụkọ ọrụ ọnụ na-eweta mmepe.
good governance makes a community strong.,Ezi ọchịchị na-eme ka obodo sie ike.
good governance makes a community strong. now,Ezi ọchịchị na-eme ka obodo sie ike.
the government and the people should work together.,Gọọmenti na ndị mmadụ kwesịrị ịrụkọ ọrụ ọnụ.
the government and the people should work together. today,Gọọmenti na ndị mmadụ kwesịrị ịrụkọ ọrụ ọnụ.
health is very important.,Ahụike dị ezigbo mkpa.
health is very important. now,Ahụike dị ezigbo mkpa.
it is important to take care of our health.,Ọ dị mkpa ilekọta ahụike anyị.
it is important to take care of our health. today,Ọ dị mkpa ilekọta ahụike anyị.
disease can affect a person.,Ọrịa nwere ike imetụta mmadụ.
disease can affect a person. later,Ọrịa nwere ike imetụta mmadụ.
the patient went to the hospital.,Onye ọrịa gara ụlọ ọgwụ.
the patient went to the hospital. later,Onye ọrịa gara ụlọ ọgwụ.
the hospital is nearby.,Ụlọ ọgwụ ahụ dị nso.
the hospital is nearby. later,Ụlọ ọgwụ ahụ dị nso.
the doctor examines the patient.,Dọkịta na-enyocha onye ọrịa.
the doctor examines the patient. tomorrow,Dọkịta na-enyocha onye ọrịa.
the nurse helps the patient.,Nọọsụ na-enyere onye ọrịa aka.
the nurse helps the patient. today,Nọọsụ na-enyere onye ọrịa aka.
the patient has a fever.,Onye ọrịa nwere ahụ ọkụ.
the patient has a fever. now,Onye ọrịa nwere ahụ ọkụ.
fever can be a sign of illness.,Ahụ ọkụ nwere ike ịbụ ihe ịrịba ama nke ọrịa.
fever can be a sign of illness. tomorrow,Ahụ ọkụ nwere ike ịbụ ihe ịrịba ama nke ọrịa.
he has a headache.,Ọ na-arịa isi.
she has a headache.,Ọ na-arịa isi.
he has a headache. tomorrow,Ọ na-arịa isi.
he has a severe headache.,Isi na-arịa ya nke ukwuu.
she has a severe headache.,Isi na-arịa ya nke ukwuu.
he has a severe headache. later,Isi na-arịa ya nke ukwuu.
he has stomach pain.,Ọ na-enwe ihe mgbu n'afọ.
she has stomach pain.,Ọ na-enwe ihe mgbu n'afọ.
he has stomach pain. today,Ọ na-enwe ihe mgbu n'afọ.
the patient has a cough.,Onye ọrịa nwere ụkwara.
the patient has a cough. now,Onye ọrịa nwere ụkwara.
he has been coughing since yesterday.,Ọ na-asụ ụkwara kemgbe ụnyaahụ.
she has been coughing since yesterday.,Ọ na-asụ ụkwara kemgbe ụnyaahụ.
he has been coughing since yesterday. tomorrow,Ọ na-asụ ụkwara kemgbe ụnyaahụ.
he has pain in his body.,Ọ na-enwe ihe mgbu n'ahụ.
she has pain in his body.,Ọ na-enwe ihe mgbu n'ahụ.
he has pain in his body. now,Ọ na-enwe ihe mgbu n'ahụ.
he needs to rest.,Ọ chọrọ izu ike.
she needs to rest.,Ọ chọrọ izu ike.
he needs to rest. later,Ọ chọrọ izu ike.
rest helps the patient.,Izu ike na-enyere onye ọrịa aka.
rest helps the patient. today,Izu ike na-enyere onye ọrịa aka.
drinking water is important.,Ịṅụ mmiri dị mkpa.
drinking water is important. now,Ịṅụ mmiri dị mkpa.
water helps the body.,Mmiri na-enyere ahụ aka.
water helps the body. now,Mmiri na-enyere ahụ aka.
he drinks water every day.,Ọ na-aṅụ mmiri kwa ụbọchị.
she drinks water every day.,Ọ na-aṅụ mmiri kwa ụbọchị.
he drinks water every day. tomorrow,Ọ na-aṅụ mmiri kwa ụbọchị.
healthy food helps health.,Nri dị mma na-enyere ahụike aka.
healthy food helps health. now,Nri dị mma na-enyere ahụike aka.
we should eat nutritious food.,Anyị kwesịrị iri nri na-edozi ahụ.
they should eat nutritious food.,Anyị kwesịrị iri nri na-edozi ahụ.
we should consume nutritious food.,Anyị kwesịrị iri nri na-edozi ahụ.
we should eat nutritious food. today,Anyị kwesịrị iri nri na-edozi ahụ.
fruits are good for health.,Mkpụrụ osisi dị mma maka ahụike.
fruits are good for health. today,Mkpụrụ osisi dị mma maka ahụike.
vegetables contain many vitamins.,Akwụkwọ nri nwere ọtụtụ vitamin.
vegetables contain many vitamins. now,Akwụkwọ nri nwere ọtụtụ vitamin.
it is important to eat different foods.,Ọ dị mkpa iri nri dị iche iche.
it is important to consume different foods.,Ọ dị mkpa iri nri dị iche iche.
it is important to eat different foods. tomorrow,Ọ dị mkpa iri nri dị iche iche.
cleanliness helps prevent disease.,Ịdị ọcha na-enyere aka igbochi ọrịa.
cleanliness helps prevent disease. tomorrow,Ịdị ọcha na-enyere aka igbochi ọrịa.
we should wash our hands regularly.,Anyị kwesịrị ịsa aka mgbe niile.
they should wash our hands regularly.,Anyị kwesịrị ịsa aka mgbe niile.
we should wash our hands regularly. later,Anyị kwesịrị ịsa aka mgbe niile.
he washes his hands before eating.,Ọ na-asa aka ya tupu o rie nri.
she washes his hands before eating.,Ọ na-asa aka ya tupu o rie nri.
he washes his hands before eating. today,Ọ na-asa aka ya tupu o rie nri.
handwashing prevents the spread of disease.,Ịsa aka na-egbochi mgbasa ọrịa.
handwashing prevents the spread of disease. later,Ịsa aka na-egbochi mgbasa ọrịa.
it is important to keep the environment clean.,Ọ dị mkpa idobe gburugburu ebe obibi ọcha.
it is important to keep the environment clean. tomorrow,Ọ dị mkpa idobe gburugburu ebe obibi ọcha.
healthy habits are important.,Omume ahụike dị mkpa.
healthy habits are important. later,Omume ahụike dị mkpa.
exercise makes the body strong.,Mmega ahụ na-eme ka ahụ sie ike.
exercise makes the body strong. tomorrow,Mmega ahụ na-eme ka ahụ sie ike.
he exercises every morning.,Ọ na-eme mmega ahụ kwa ụtụtụ.
she exercises every morning.,Ọ na-eme mmega ahụ kwa ụtụtụ.
he exercises every morning. later,Ọ na-eme mmega ahụ kwa ụtụtụ.
walking is good exercise.,Ije ije bụ ezigbo mmega ahụ.
walking is good exercise. later,Ije ije bụ ezigbo mmega ahụ.
adequate sleep is important.,Ụra zuru oke dị mkpa.
adequate sleep is important. today,Ụra zuru oke dị mkpa.
he sleeps for eight hours every night.,Ọ na-ehi ụra awa asatọ kwa abalị.
she sleeps for eight hours every night.,Ọ na-ehi ụra awa asatọ kwa abalị.
he sleeps for eight hours every night. today,Ọ na-ehi ụra awa asatọ kwa abalị.
lack of sleep can affect health.,Enweghị ụra nwere ike imetụta ahụike.
lack of sleep can affect health. later,Enweghị ụra nwere ike imetụta ahụike.
it is important to avoid too much stress.,Ọ dị mkpa izere nrụgide dị ukwuu.
it is important to avoid too much stress. tomorrow,Ọ dị mkpa izere nrụgide dị ukwuu.
stress can affect the body and mind.,Nrụgide nwere ike imetụta ahụ na uche.
stress can affect the body and mind. tomorrow,Nrụgide nwere ike imetụta ahụ na uche.
he rests when he is tired.,Ọ na-ezu ike mgbe ọ gwụrụ ike.
she rests when he is tired.,Ọ na-ezu ike mgbe ọ gwụrụ ike.
he rests when he is tired. today,Ọ na-ezu ike mgbe ọ gwụrụ ike.
the doctor gave the patient medicine.,Dọkịta nyere onye ọrịa ọgwụ.
the doctor gave the patient medicine. today,Dọkịta nyere onye ọrịa ọgwụ.
the patient should take his medicine.,Onye ọrịa kwesịrị ịṅụ ọgwụ ya.
the patient should take his medicine. now,Onye ọrịa kwesịrị ịṅụ ọgwụ ya.
he takes the medicine twice a day.,Ọ na-aṅụ ọgwụ ugboro abụọ n'ụbọchị.
she takes the medicine twice a day.,Ọ na-aṅụ ọgwụ ugboro abụọ n'ụbọchị.
he takes the medicine twice a day. today,Ọ na-aṅụ ọgwụ ugboro abụọ n'ụbọchị.
it is important to follow the doctor's instructions.,Ọ dị mkpa ịgbaso ntụziaka dọkịta.
it is important to follow the doctor's instructions. tomorrow,Ọ dị mkpa ịgbaso ntụziaka dọkịta.
the patient should take the medicine on time.,Onye ọrịa kwesịrị ịṅụ ọgwụ n'oge.
the patient should take the medicine on time. today,Onye ọrịa kwesịrị ịṅụ ọgwụ n'oge.
he does not always take his medicine.,Ọ naghị aṅụ ọgwụ ya mgbe niile.
she does not always take his medicine.,Ọ naghị aṅụ ọgwụ ya mgbe niile.
he does not always take his medicine. now,Ọ naghị aṅụ ọgwụ ya mgbe niile.
the doctor gave him medicine for the cough.,Dọkịta nyere ya ọgwụ maka ụkwara.
the doctor gave him medicine for the cough. later,Dọkịta nyere ya ọgwụ maka ụkwara.
the medicine helped reduce the pain.,Ọgwụ ahụ nyere aka belata ihe mgbu.
the medicine helped reduce the pain. later,Ọgwụ ahụ nyere aka belata ihe mgbu.
it is not good to take medicine without advice.,Ọ dịghị mma ịṅụ ọgwụ n'enweghị ndụmọdụ.
it is not good to take medicine without advice. tomorrow,Ọ dịghị mma ịṅụ ọgwụ n'enweghị ndụmọdụ.
the patient should tell the doctor everything.,Onye ọrịa kwesịrị ịgwa dọkịta ihe niile.
the patient should tell the doctor everything. now,Onye ọrịa kwesịrị ịgwa dọkịta ihe niile.
the doctor asked the patient questions.,Dọkịta jụrụ onye ọrịa ajụjụ.
the doctor asked the patient questions. later,Dọkịta jụrụ onye ọrịa ajụjụ.
the patient described his symptoms.,Onye ọrịa kọwara ihe mgbaàmà ya.
the patient described his symptoms. later,Onye ọrịa kọwara ihe mgbaàmà ya.
the illness started in the morning.,Ọrịa ahụ malitere n'ụtụtụ.
the illness started in the morning. today,Ọrịa ahụ malitere n'ụtụtụ.
he has had a fever for two days.,Ọ na-enwe ahụ ọkụ kemgbe ụbọchị abụọ.
she has had a fever for two days.,Ọ na-enwe ahụ ọkụ kemgbe ụbọchị abụọ.
he has had a fever for two days. later,Ọ na-enwe ahụ ọkụ kemgbe ụbọchị abụọ.
the doctor conducted an examination.,Dọkịta mere nyocha.
the doctor conducted an examination. tomorrow,Dọkịta mere nyocha.
the test result is good.,Nsonaazụ nyocha ahụ dị mma.
the test result is good. later,Nsonaazụ nyocha ahụ dị mma.
the patient needs another test.,Onye ọrịa chọrọ nyocha ọzọ.
the patient needs another test. tomorrow,Onye ọrịa chọrọ nyocha ọzọ.
the hospital has equipment.,Ụlọ ọgwụ nwere akụrụngwa.
the hospital has equipment. tomorrow,Ụlọ ọgwụ nwere akụrụngwa.
health workers work hard.,Ndị ọrụ ahụike na-arụsi ọrụ ike.
health workers work hard. today,Ndị ọrụ ahụike na-arụsi ọrụ ike.
health workers care for patients.,Ndị ọrụ ahụike na-elekọta ndị ọrịa.
health workers care for patients. now,Ndị ọrụ ahụike na-elekọta ndị ọrịa.
children need special care.,Ụmụaka chọrọ nlekọta pụrụ iche.
children require special care.,Ụmụaka chọrọ nlekọta pụrụ iche.
children need special care. tomorrow,Ụmụaka chọrọ nlekọta pụrụ iche.
the mother takes care of her child.,Nne na-elekọta nwa ya.
the mother takes care of her child. later,Nne na-elekọta nwa ya.
the child has a fever.,Nwa ahụ nwere ahụ ọkụ.
the child has a fever. later,Nwa ahụ nwere ahụ ọkụ.
the mother took the child to the hospital.,Nne kpọgara nwa ahụ ụlọ ọgwụ.
the mother took the child to the hospital. tomorrow,Nne kpọgara nwa ahụ ụlọ ọgwụ.
children should eat healthy food.,Ụmụaka kwesịrị iri nri dị mma.
children should consume healthy food.,Ụmụaka kwesịrị iri nri dị mma.
children should eat healthy food. later,Ụmụaka kwesịrị iri nri dị mma.
vaccination protects children from disease.,Ịgba ọgwụ mgbochi ọrịa na-echebe ụmụaka.
vaccination protects children from disease. today,Ịgba ọgwụ mgbochi ọrịa na-echebe ụmụaka.
the child received a vaccination.,Nwa ahụ nwetara ọgwụ mgbochi ọrịa.
the child received a vaccination. later,Nwa ahụ nwetara ọgwụ mgbochi ọrịa.
it is important to get vaccinated.,Ọ dị mkpa ịgba ọgwụ mgbochi ọrịa.
it is important to get vaccinated. today,Ọ dị mkpa ịgba ọgwụ mgbochi ọrịa.
some diseases can be prevented.,Ọrịa ụfọdụ nwere ike igbochi.
some diseases can be prevented. tomorrow,Ọrịa ụfọdụ nwere ike igbochi.
many diseases spread through germs.,Ọtụtụ ọrịa na-agbasa site na nje.
many diseases spread through germs. tomorrow,Ọtụtụ ọrịa na-agbasa site na nje.
cleanliness helps prevent germs.,Ịdị ọcha na-enyere aka igbochi nje.
cleanliness helps prevent germs. tomorrow,Ịdị ọcha na-enyere aka igbochi nje.
we should avoid sharing certain items.,Anyị kwesịrị izere ịkekọrịta ihe ụfọdụ.
they should avoid sharing certain items.,Anyị kwesịrị izere ịkekọrịta ihe ụfọdụ.
we should avoid sharing certain items. today,Anyị kwesịrị izere ịkekọrịta ihe ụfọdụ.
it is important to be careful during an outbreak.,Ọ dị mkpa ịkpachara anya n'oge ọrịa.
it is important to be careful during an outbreak. later,Ọ dị mkpa ịkpachara anya n'oge ọrịa.
diabetes requires regular care.,Ọrịa shuga chọrọ nlekọta mgbe niile.
diabetes requires regular care. today,Ọrịa shuga chọrọ nlekọta mgbe niile.
high blood pressure can be dangerous.,Ọbara mgbali elu nwere ike ịdị ize ndụ.
high blood pressure can be dangerous. later,Ọbara mgbali elu nwere ike ịdị ize ndụ.
the patient should check his health.,Onye ọrịa kwesịrị ịlele ahụike ya.
the patient should check his health. later,Onye ọrịa kwesịrị ịlele ahụike ya.
regular health checkups are important.,Nyocha ahụike mgbe niile dị mkpa.
regular health checkups are important. today,Nyocha ahụike mgbe niile dị mkpa.
he went for a medical checkup.,Ọ gara nyocha ahụike.
she went for a medical checkup.,Ọ gara nyocha ahụike.
he went for a medical checkup. now,Ọ gara nyocha ahụike.
the doctor tested his blood.,Dọkịta nyochara ọbara ya.
the doctor tested his blood. tomorrow,Dọkịta nyochara ọbara ya.
the human body needs good food.,Ahụ mmadụ chọrọ ezigbo nri.
the human body needs good food. later,Ahụ mmadụ chọrọ ezigbo nri.
vitamins help the body.,Vitamin na-enyere ahụ aka.
vitamins help the body. later,Vitamin na-enyere ahụ aka.
iron is important for the body.,Ígwè dị mkpa maka ahụ.
iron is important for the body. today,Ígwè dị mkpa maka ahụ.
it is important to drink enough water.,Ọ dị mkpa ịṅụ mmiri zuru oke.
it is important to drink enough water. now,Ọ dị mkpa ịṅụ mmiri zuru oke.
drinking alcohol can harm health.,Ịṅụ mmanya na-aba n'anya nwere ike imerụ ahụike.
drinking alcohol can harm health. tomorrow,Ịṅụ mmanya na-aba n'anya nwere ike imerụ ahụike.
smoking damages health.,Ise siga na-emebi ahụike.
smoking damages health. now,Ise siga na-emebi ahụike.
it is important to avoid things that harm the body.,Ọ dị mkpa izere ihe ndị na-emebi ahụ.
it is important to avoid things that harm the body. tomorrow,Ọ dị mkpa izere ihe ndị na-emebi ahụ.
mental health is also important.,Ahụike uche dịkwa mkpa.
mental health is also important. later,Ahụike uche dịkwa mkpa.
talking to someone can help.,Ịgwa mmadụ okwu nwere ike inye aka.
talking to someone can help. later,Ịgwa mmadụ okwu nwere ike inye aka.
he needs the support of his family.,Ọ chọrọ nkwado nke ezinụlọ ya.
she needs the support of his family.,Ọ chọrọ nkwado nke ezinụlọ ya.
he needs the support of his family. today,Ọ chọrọ nkwado nke ezinụlọ ya.
the family takes care of the patient.,Ezinụlọ na-elekọta onye ọrịa.
the family takes care of the patient. today,Ezinụlọ na-elekọta onye ọrịa.
his friends gave him support.,Ndị enyi nyere ya nkwado.
his friends gave him support. now,Ndị enyi nyere ya nkwado.
illness can affect a family.,Ọrịa nwere ike imetụta ezinụlọ.
illness can affect a family. now,Ọrịa nwere ike imetụta ezinụlọ.
it is important to seek help early.,Ọ dị mkpa ịchọ enyemaka n'oge.
it is important to seek help early. tomorrow,Ọ dị mkpa ịchọ enyemaka n'oge.
the patient went to the hospital early.,Onye ọrịa gara ụlọ ọgwụ n'oge.
the patient went to the hospital early. today,Onye ọrịa gara ụlọ ọgwụ n'oge.
the doctor told him to rest.,Dọkịta gwara ya ka ọ zuru ike.
the doctor told him to rest. later,Dọkịta gwara ya ka ọ zuru ike.
he recovered after receiving treatment.,Ọ gbakere mgbe ọ nwetara ọgwụgwọ.
she recovered after receiving treatment.,Ọ gbakere mgbe ọ nwetara ọgwụgwọ.
he recovered after receiving treatment. today,Ọ gbakere mgbe ọ nwetara ọgwụgwọ.
the illness stopped after treatment.,Ọrịa ahụ kwụsịrị mgbe ọgwụgwọ gasịrị.
the illness stopped after treatment. now,Ọrịa ahụ kwụsịrị mgbe ọgwụgwọ gasịrị.
healthcare helps people live longer lives.,Nlekọta ahụike na-enyere ndị mmadụ aka ibi ndụ ogologo.
healthcare helps people live longer lives. today,Nlekọta ahụike na-enyere ndị mmadụ aka ibi ndụ ogologo.
protecting health is everyone's responsibility.,Ịchekwa ahụike bụ ọrụ onye ọ bụla.
protecting health is everyone's responsibility. later,Ịchekwa ahụike bụ ọrụ onye ọ bụla.
religion is part of the lives of many people.,Okpukpe bụ akụkụ nke ndụ ọtụtụ mmadụ.
religion is part of the lives of many people. today,Okpukpe bụ akụkụ nke ndụ ọtụtụ mmadụ.
people have different beliefs.,Ndị mmadụ nwere nkwenkwe dị iche iche.
people have different beliefs. now,Ndị mmadụ nwere nkwenkwe dị iche iche.
many people pray every day.,Ọtụtụ mmadụ na-ekpe ekpere kwa ụbọchị.
many people pray every day. later,Ọtụtụ mmadụ na-ekpe ekpere kwa ụbọchị.
he goes to a place of worship every week.,Ọ na-aga ebe ofufe kwa izu.
she goes to a place of worship every week.,Ọ na-aga ebe ofufe kwa izu.
he goes to a place of worship every week. tomorrow,Ọ na-aga ebe ofufe kwa izu.
the place of worship is near his house.,Ebe ofufe ahụ dị nso n'ụlọ ya.
the place of worship is near his house. tomorrow,Ebe ofufe ahụ dị nso n'ụlọ ya.
people gather at the place of worship.,Ndị mmadụ na-ezukọ n'ebe ofufe.
people gather at the place of worship. later,Ndị mmadụ na-ezukọ n'ebe ofufe.
the priest leads the worship service.,Onye ụkọchukwu na-eduzi ofufe.
the priest leads the worship service. later,Onye ụkọchukwu na-eduzi ofufe.
the priest delivered a sermon.,Onye ụkọchukwu kọrọ ozi ọma.
the priest delivered a sermon. later,Onye ụkọchukwu kọrọ ozi ọma.
people listened to the sermon.,Ndị mmadụ gere ozi ọma ahụ ntị.
people listened to the sermon. now,Ndị mmadụ gere ozi ọma ahụ ntị.
prayer is important to many people.,Ekpere dị mkpa nye ọtụtụ ndị mmadụ.
prayer is important to many people. later,Ekpere dị mkpa nye ọtụtụ ndị mmadụ.
they pray for their family.,Ha na-ekpe ekpere maka ezinụlọ ha.
we pray for their family.,Ha na-ekpe ekpere maka ezinụlọ ha.
they pray for their family. now,Ha na-ekpe ekpere maka ezinụlọ ha.
the mother prays for her children.,Nne na-ekpe ekpere maka ụmụ ya.
the mother prays for her children. later,Nne na-ekpe ekpere maka ụmụ ya.
the father prays every morning.,Nna ahụ na-ekpe ekpere kwa ụtụtụ.
the father prays every morning. now,Nna ahụ na-ekpe ekpere kwa ụtụtụ.
the children pray before they eat.,Ụmụaka na-ekpe ekpere tupu ha erie nri.
the children pray before they eat. now,Ụmụaka na-ekpe ekpere tupu ha erie nri.
they thanked god for the food.,Ha kelere Chineke maka nri.
we thanked god for the food.,Ha kelere Chineke maka nri.
they thanked god for the food. today,Ha kelere Chineke maka nri.
he thanks god every day.,Ọ na-ekele Chineke kwa ụbọchị.
she thanks god every day.,Ọ na-ekele Chineke kwa ụbọchị.
he thanks god every day. tomorrow,Ọ na-ekele Chineke kwa ụbọchị.
people ask for help.,Ndị mmadụ na-arịọ maka enyemaka.
people ask for help. later,Ndị mmadụ na-arịọ maka enyemaka.
he asks for guidance.,Ọ na-arịọ maka nduzi.
she asks for guidance.,Ọ na-arịọ maka nduzi.
he asks for guidance. tomorrow,Ọ na-arịọ maka nduzi.
they have faith.,Ha nwere okwukwe.
we have faith.,Ha nwere okwukwe.
they have faith. tomorrow,Ha nwere okwukwe.
faith gives many people hope.,Okwukwe na-enye ọtụtụ mmadụ olileanya.
faith gives many people hope. today,Okwukwe na-enye ọtụtụ mmadụ olileanya.
hope is important during difficult times.,Olileanya dị mkpa n'oge nsogbu.
hope is important during difficult times. tomorrow,Olileanya dị mkpa n'oge nsogbu.
people find comfort through religion.,Ndị mmadụ na-enweta nkasi obi site n'okpukpe.
people find comfort through religion. tomorrow,Ndị mmadụ na-enweta nkasi obi site n'okpukpe.
religion teaches love.,Okpukpe na-akụzi ịhụnanya.
religion teaches love. later,Okpukpe na-akụzi ịhụnanya.
religion teaches goodness.,Okpukpe na-akụzi ịdị mma.
religion teaches goodness. now,Okpukpe na-akụzi ịdị mma.
it is important to respect others.,Ọ dị mkpa ịkwanyere ndị ọzọ ùgwù.
it is important to respect others. later,Ọ dị mkpa ịkwanyere ndị ọzọ ùgwù.
people should help one another.,Ndị mmadụ kwesịrị inyere ibe ha aka.
people should help one another. later,Ndị mmadụ kwesịrị inyere ibe ha aka.
love brings people together.,Ịhụnanya na-eme ka ndị mmadụ dịrị n'otu.
love brings people together. tomorrow,Ịhụnanya na-eme ka ndị mmadụ dịrị n'otu.
the town has many places of worship.,Obodo ahụ nwere ọtụtụ ebe ofufe.
the town has many places of worship. tomorrow,Obodo ahụ nwere ọtụtụ ebe ofufe.
people go to worship in the morning.,Ndị mmadụ na-aga ofufe n'ụtụtụ.
people travel to worship in the morning.,Ndị mmadụ na-aga ofufe n'ụtụtụ.
people go to worship in the morning. later,Ndị mmadụ na-aga ofufe n'ụtụtụ.
the worship service started on time.,Ofufe ahụ malitere n'oge.
the worship service started on time. later,Ofufe ahụ malitere n'oge.
the worship service lasted one hour.,Ofufe ahụ were otu awa.
the worship service lasted one hour. tomorrow,Ofufe ahụ were otu awa.
people sang during the worship service.,Ndị mmadụ bụrụ abụ n'oge ofufe.
people sang during the worship service. now,Ndị mmadụ bụrụ abụ n'oge ofufe.
they read the holy book.,Ha na-agụ akwụkwọ nsọ.
we read the holy book.,Ha na-agụ akwụkwọ nsọ.
they read the holy book. now,Ha na-agụ akwụkwọ nsọ.
the leader read a passage from the holy book.,Onye nduzi gụrụ akụkụ akwụkwọ nsọ.
the leader read a passage from the holy book. later,Onye nduzi gụrụ akụkụ akwụkwọ nsọ.
children learned about religion.,Ụmụaka mụtara ihe n'okpukpe.
children learned about religion. now,Ụmụaka mụtara ihe n'okpukpe.
parents teach their children their beliefs.,Ndị nne na nna na-akụziri ụmụ ha nkwenkwe ha.
parents teach their children their beliefs. later,Ndị nne na nna na-akụziri ụmụ ha nkwenkwe ha.
the family prays together.,Ezinụlọ ahụ na-ekpe ekpere ọnụ.
the family prays together. today,Ezinụlọ ahụ na-ekpe ekpere ọnụ.
the family goes to worship together.,Ezinụlọ na-aga ofufe ọnụ.
the family goes to worship together. tomorrow,Ezinụlọ na-aga ofufe ọnụ.
friends met at the place of worship.,Ndị enyi zutere n'ebe ofufe.
friends met at the place of worship. later,Ndị enyi zutere n'ebe ofufe.
members of the community support one another.,Ndị obodo na-akwado ibe ha.
members of the community support one another. later,Ndị obodo na-akwado ibe ha.
they gave the family food.,Ha nyere ezinụlọ ahụ nri.
we gave the family food.,Ha nyere ezinụlọ ahụ nri.
they gave the family food. later,Ha nyere ezinụlọ ahụ nri.
people helped the sick person.,Ndị mmadụ nyere onye ọrịa aka.
people helped the sick person. now,Ndị mmadụ nyere onye ọrịa aka.
charity work is important.,Ịrụ ọrụ ebere dị mkpa.
charity work is important. later,Ịrụ ọrụ ebere dị mkpa.
they gave money to the poor.,Ha nyere ndị ogbenye ego.
we gave money to the poor.,Ha nyere ndị ogbenye ego.
they gave money to the poor. today,Ha nyere ndị ogbenye ego.
people shared food.,Ndị mmadụ kesara nri.
people shared food. now,Ndị mmadụ kesara nri.
sharing shows love.,Ịkekọrịta ihe na-egosi ịhụnanya.
sharing shows love. tomorrow,Ịkekọrịta ihe na-egosi ịhụnanya.
he always helps others.,Ọ na-enyere ndị ọzọ aka mgbe niile.
she always helps others.,Ọ na-enyere ndị ọzọ aka mgbe niile.
he always helps others. today,Ọ na-enyere ndị ọzọ aka mgbe niile.
kindness is important among people.,Obiọma dị mkpa n'etiti ndị mmadụ.
kindness is important among people. later,Obiọma dị mkpa n'etiti ndị mmadụ.
patience is a good quality.,Ndidi bụ omume ọma.
patience is a good quality. today,Ndidi bụ omume ọma.
truth is important in life.,Eziokwu dị mkpa na ndụ.
truth is important in life. later,Eziokwu dị mkpa na ndụ.
people should tell the truth.,Ndị mmadụ kwesịrị ikwu eziokwu.
people should tell the truth. today,Ndị mmadụ kwesịrị ikwu eziokwu.
forgiving a person is good.,Ịgbaghara mmadụ bụ ihe ọma.
forgiving a person is good. now,Ịgbaghara mmadụ bụ ihe ọma.
he forgave his friend.,Ọ gbaghara enyi ya.
she forgave his friend.,Ọ gbaghara enyi ya.
he forgave his friend. later,Ọ gbaghara enyi ya.
they asked for forgiveness.,Ha rịọrọ mgbaghara.
we asked for forgiveness.,Ha rịọrọ mgbaghara.
they asked for forgiveness. now,Ha rịọrọ mgbaghara.
it is important to learn to forgive.,Ọ dị mkpa ịmụta ịgbaghara.
it is important to learn to forgive. today,Ọ dị mkpa ịmụta ịgbaghara.
people remember special days.,Ndị mmadụ na-echeta ụbọchị pụrụ iche.
people remember special days. later,Ndị mmadụ na-echeta ụbọchị pụrụ iche.
religious celebrations bring families together.,Emume okpukpe na-ejikọta ezinụlọ ọnụ.
religious celebrations bring families together. tomorrow,Emume okpukpe na-ejikọta ezinụlọ ọnụ.
the family celebrated together.,Ezinụlọ ahụ mere emume ọnụ.
the family celebrated together. tomorrow,Ezinụlọ ahụ mere emume ọnụ.
people wore beautiful clothes for the celebration.,Ndị mmadụ yi uwe mara mma maka emume.
people wore beautiful clothes for the celebration. later,Ndị mmadụ yi uwe mara mma maka emume.
they prepared food for the visitors.,Ha kwadebere nri maka ndị ọbịa.
we prepared food for the visitors.,Ha kwadebere nri maka ndị ọbịa.
they prepared food for the visitors. today,Ha kwadebere nri maka ndị ọbịa.
people were happy.,Ndị mmadụ nwere obi ụtọ.
people were happy. tomorrow,Ndị mmadụ nwere obi ụtọ.
the children enjoyed the celebration.,Ụmụaka nwere ọṅụ n'emume ahụ.
the children enjoyed the celebration. later,Ụmụaka nwere ọṅụ n'emume ahụ.
the celebration took place at home.,Emume ahụ mere n'ụlọ.
the celebration took place at home. tomorrow,Emume ahụ mere n'ụlọ.
the community prepared the place.,Ndị obodo kwadebere ebe ahụ.
the community prepared the place. later,Ndị obodo kwadebere ebe ahụ.
the leader thanked the people.,Onye nduzi kelere ndị mmadụ.
the leader thanked the people. today,Onye nduzi kelere ndị mmadụ.
the people welcomed the visitor.,Ndị mmadụ nabatara onye ọbịa.
the people welcomed the visitor. today,Ndị mmadụ nabatara onye ọbịa.
the visitor gave a speech.,Onye ọbịa kwuru okwu.
the visitor gave a speech. now,Onye ọbịa kwuru okwu.
they listened to the speech.,Ha gere okwu ahụ ntị.
we listened to the speech.,Ha gere okwu ahụ ntị.
they listened to the speech. tomorrow,Ha gere okwu ahụ ntị.
people read religious books.,Ndị mmadụ na-agụ akwụkwọ okpukpe.
people read religious books. now,Ndị mmadụ na-agụ akwụkwọ okpukpe.
the book contains many teachings.,Akwụkwọ ahụ nwere ọtụtụ nkuzi.
the book contains many teachings. today,Akwụkwọ ahụ nwere ọtụtụ nkuzi.
the teaching was useful.,Nkuzi ahụ bara uru.
the teaching was useful. later,Nkuzi ahụ bara uru.
he learned something new.,Ọ mụtara ihe ọhụrụ.
she learned something new.,Ọ mụtara ihe ọhụrụ.
he learned something new. today,Ọ mụtara ihe ọhụrụ.
religion teaches humility.,Okpukpe na-akụzi ịdị umeala n'obi.
religion teaches humility. today,Okpukpe na-akụzi ịdị umeala n'obi.
humility is a good quality.,Ịdị umeala n'obi bụ omume ọma.
humility is a good quality. later,Ịdị umeala n'obi bụ omume ọma.
people seek advice.,Ndị mmadụ na-achọ ndụmọdụ.
people seek advice. now,Ndị mmadụ na-achọ ndụmọdụ.
the leader gave advice.,Onye nduzi nyere ndụmọdụ.
the leader gave advice. tomorrow,Onye nduzi nyere ndụmọdụ.
he listened to the advice.,Ọ gere ndụmọdụ ahụ ntị.
she listened to the advice.,Ọ gere ndụmọdụ ahụ ntị.
he listened to the advice. today,Ọ gere ndụmọdụ ahụ ntị.
elders teach good behavior.,Ndị okenye na-akụzi ezi omume.
elders teach good behavior. today,Ndị okenye na-akụzi ezi omume.
children should learn good behavior.,Ụmụaka kwesịrị ịmụta ezi omume.
children should learn good behavior. tomorrow,Ụmụaka kwesịrị ịmụta ezi omume.
good behavior helps the community.,Ezi omume na-enyere obodo aka.
good behavior helps the community. today,Ezi omume na-enyere obodo aka.
people work together.,Ndị mmadụ na-arụkọ ọrụ ọnụ.
people work together. tomorrow,Ndị mmadụ na-arụkọ ọrụ ọnụ.
working together brings peace.,Ịrụkọ ọrụ ọnụ na-eweta udo.
working together brings peace. tomorrow,Ịrụkọ ọrụ ọnụ na-eweta udo.
peace is important in a community.,Udo dị mkpa n'obodo.
peace is important in a community. tomorrow,Udo dị mkpa n'obodo.
people seek peace.,Ndị mmadụ na-achọ udo.
people seek peace. later,Ndị mmadụ na-achọ udo.
religion teaches peace.,Okpukpe na-akụzi udo.
religion teaches peace. now,Okpukpe na-akụzi udo.
it is important to live in peace.,Ọ dị mkpa ibi ndụ n'udo.
it is important to live in peace. now,Ọ dị mkpa ibi ndụ n'udo.
people respect one another's beliefs.,Ndị mmadụ na-akwanyere nkwenkwe ibe ha ùgwù.
people respect one another's beliefs. later,Ndị mmadụ na-akwanyere nkwenkwe ibe ha ùgwù.
we should respect people with different beliefs.,Anyị kwesịrị ịkwanyere ndị nwere nkwenkwe dị iche ùgwù.
they should respect people with different beliefs.,Anyị kwesịrị ịkwanyere ndị nwere nkwenkwe dị iche ùgwù.
we should respect people with different beliefs. now,Anyị kwesịrị ịkwanyere ndị nwere nkwenkwe dị iche ùgwù.
many people seek a good life.,Ọtụtụ mmadụ na-achọ ndụ dị mma.
many people seek a good life. now,Ọtụtụ mmadụ na-achọ ndụ dị mma.
beliefs give some people strength.,Nkwenkwe na-enye ụfọdụ mmadụ ume.
beliefs give some people strength. now,Nkwenkwe na-enye ụfọdụ mmadụ ume.
he gains strength from his religion.,Ọ na-enweta ume site n'okpukpe ya.
she gains strength from his religion.,Ọ na-enweta ume site n'okpukpe ya.
he gains strength from his religion. today,Ọ na-enweta ume site n'okpukpe ya.
his family supports him.,Ezinụlọ ya na-akwado ya.
his family supports him. later,Ezinụlọ ya na-akwado ya.
his friends give him advice.,Ndị enyi ya na-enye ya ndụmọdụ.
his friends give him advice. now,Ndị enyi ya na-enye ya ndụmọdụ.
he finds comfort during difficult times.,Ọ na-enweta nkasi obi n'oge nsogbu.
she finds comfort during difficult times.,Ọ na-enweta nkasi obi n'oge nsogbu.
he finds comfort during difficult times. later,Ọ na-enweta nkasi obi n'oge nsogbu.
hope helps a person move forward.,Olileanya na-enyere mmadụ aka ịga n'ihu.
hope helps a person move forward. now,Olileanya na-enyere mmadụ aka ịga n'ihu.
love and kindness make the world better.,Ịhụnanya na obiọma na-eme ka ụwa ka mma.
love and kindness make the world better. now,Ịhụnanya na obiọma na-eme ka ụwa ka mma.
people should live in love and peace.,Ndị mmadụ kwesịrị ibi ndụ n'ịhụnanya na udo.
people should live in love and peace. later,Ndị mmadụ kwesịrị ibi ndụ n'ịhụnanya na udo.
good behavior helps both the individual and the community.,Ezi omume na-enyere mmadụ na obodo aka.
good behavior helps both the individual and the community. tomorrow,Ezi omume na-enyere mmadụ na obodo aka.
technology helps people.,Ụzụ na-enyere ndị mmadụ aka.
technology helps people. later,Ụzụ na-enyere ndị mmadụ aka.
a computer is an important device.,Kọmputa bụ ngwaọrụ dị mkpa.
a computer is an important device. tomorrow,Kọmputa bụ ngwaọrụ dị mkpa.
he uses a computer to work.,Ọ na-eji kọmputa arụ ọrụ.
she uses a computer to work.,Ọ na-eji kọmputa arụ ọrụ.
he uses a computer to work. today,Ọ na-eji kọmputa arụ ọrụ.
the computer is new.,Kọmputa ahụ dị ọhụrụ.
the computer is new. later,Kọmputa ahụ dị ọhụrụ.
he learned how to use a computer.,Ọ mụtara otu esi eji kọmputa.
she learned how to use a computer.,Ọ mụtara otu esi eji kọmputa.
he learned how to use a computer. tomorrow,Ọ mụtara otu esi eji kọmputa.
the internet connects people.,Ịntanetị na-ejikọta ndị mmadụ.
the internet connects people. now,Ịntanetị na-ejikọta ndị mmadụ.
he uses the internet every day.,Ọ na-eji ịntanetị kwa ụbọchị.
she uses the internet every day.,Ọ na-eji ịntanetị kwa ụbọchị.
he uses the internet every day. today,Ọ na-eji ịntanetị kwa ụbọchị.
the internet provides different information.,Ịntanetị na-enye ozi dị iche iche.
the internet provides different information. later,Ịntanetị na-enye ozi dị iche iche.
he found the information online.,Ọ chọtara ozi ahụ n'ịntanetị.
she found the information online.,Ọ chọtara ozi ahụ n'ịntanetị.
he found the information online. tomorrow,Ọ chọtara ozi ahụ n'ịntanetị.
the internet helps students.,Ịntanetị na-enyere ụmụ akwụkwọ aka.
the internet helps students. tomorrow,Ịntanetị na-enyere ụmụ akwụkwọ aka.
a phone is a commonly used device.,Ekwentị bụ ngwaọrụ a na-ejikarị eme ihe.
a phone is a commonly used device. later,Ekwentị bụ ngwaọrụ a na-ejikarị eme ihe.
he has a new phone.,Ọ nwere ekwentị ọhụrụ.
she has a new phone.,Ọ nwere ekwentị ọhụrụ.
he has a new phone. tomorrow,Ọ nwere ekwentị ọhụrụ.
he uses his phone to call his friend.,Ọ na-eji ekwentị kpọọ enyi ya.
she uses his phone to call his friend.,Ọ na-eji ekwentị kpọọ enyi ya.
he uses his phone to call his friend. later,Ọ na-eji ekwentị kpọọ enyi ya.
the phone has a camera.,Ekwentị ahụ nwere igwefoto.
the phone has a camera. tomorrow,Ekwentị ahụ nwere igwefoto.
he took a photo with his phone.,Ọ sere foto site na ekwentị ya.
she took a photo with his phone.,Ọ sere foto site na ekwentị ya.
he took a photo with his phone. now,Ọ sere foto site na ekwentị ya.
he sends messages by phone.,Ọ na-eziga ozi site na ekwentị.
she sends messages by phone.,Ọ na-eziga ozi site na ekwentị.
he sends messages by phone. later,Ọ na-eziga ozi site na ekwentị.
the message arrived on time.,Ozi ahụ bịara n'oge.
the message arrived on time. later,Ozi ahụ bịara n'oge.
he uses different applications.,Ọ na-eji ngwa dị iche iche.
she uses different applications.,Ọ na-eji ngwa dị iche iche.
he uses different applications. today,Ọ na-eji ngwa dị iche iche.
the application helps people.,Ngwa ahụ na-enyere ndị mmadụ aka.
the application helps people. now,Ngwa ahụ na-enyere ndị mmadụ aka.
he downloaded a new application.,Ọ budatara ngwa ọhụrụ.
she downloaded a new application.,Ọ budatara ngwa ọhụrụ.
he downloaded a new application. later,Ọ budatara ngwa ọhụrụ.
computer hardware is important.,Akụrụngwa kọmputa dị mkpa.
computer hardware is important. tomorrow,Akụrụngwa kọmputa dị mkpa.
the device works well.,Ngwaọrụ ahụ na-arụ ọrụ nke ọma.
the device works well. tomorrow,Ngwaọrụ ahụ na-arụ ọrụ nke ọma.
the computer stopped working.,Kọmputa ahụ kwụsịrị ịrụ ọrụ.
the computer stopped working. tomorrow,Kọmputa ahụ kwụsịrị ịrụ ọrụ.
he called the technician.,Ọ kpọrọ onye na-ahụ maka teknụzụ.
she called the technician.,Ọ kpọrọ onye na-ahụ maka teknụzụ.
he called the technician. today,Ọ kpọrọ onye na-ahụ maka teknụzụ.
the worker repaired the computer.,Onye ọrụ ahụ rụziri kọmputa.
the worker repaired the computer. later,Onye ọrụ ahụ rụziri kọmputa.
hardware can become old.,Akụrụngwa nwere ike ịka nká.
hardware can become old. tomorrow,Akụrụngwa nwere ike ịka nká.
computer software helps workers.,Ngwa kọmputa na-enyere ndị ọrụ aka.
computer software helps workers. today,Ngwa kọmputa na-enyere ndị ọrụ aka.
he installed new software.,Ọ wụnyere ngwanrọ ọhụrụ.
she installed new software.,Ọ wụnyere ngwanrọ ọhụrụ.
he installed new software. today,Ọ wụnyere ngwanrọ ọhụrụ.
the software is easy to use.,Ngwanrọ ahụ dị mfe iji.
the software is easy to use. later,Ngwanrọ ahụ dị mfe iji.
the software has a problem.,Ngwanrọ ahụ nwere nsogbu.
the software has a problem. tomorrow,Ngwanrọ ahụ nwere nsogbu.
the programmer writes code.,Onye mmemme na-ede koodu.
the programmer writes code. now,Onye mmemme na-ede koodu.
he studies computer programming.,Ọ na-amụ mmemme kọmputa.
she studies computer programming.,Ọ na-amụ mmemme kọmputa.
he studies computer programming. tomorrow,Ọ na-amụ mmemme kọmputa.
the code works well.,Koodu ahụ na-arụ ọrụ nke ọma.
the code works well. now,Koodu ahụ na-arụ ọrụ nke ọma.
the programmer checked the code.,Onye mmemme nyochara koodu ahụ.
the programmer checked the code. now,Onye mmemme nyochara koodu ahụ.
he found an error in the code.,Ọ chọtara njehie na koodu ahụ.
she found an error in the code.,Ọ chọtara njehie na koodu ahụ.
he found an error in the code. tomorrow,Ọ chọtara njehie na koodu ahụ.
the error caused the program to stop.,Njehie ahụ mere ka mmemme kwụsị.
the error caused the program to stop. now,Njehie ahụ mere ka mmemme kwụsị.
the programmer fixed the error.,Onye mmemme meziri njehie ahụ.
the programmer fixed the error. today,Onye mmemme meziri njehie ahụ.
learning to code takes time.,Ịmụ koodu chọrọ oge.
learning to code takes time. today,Ịmụ koodu chọrọ oge.
he is learning a programming language.,Ọ na-amụ asụsụ mmemme.
she is learning a programming language.,Ọ na-amụ asụsụ mmemme.
he is learning a programming language. tomorrow,Ọ na-amụ asụsụ mmemme.
python is a programming language.,Python bụ asụsụ mmemme.
python is a programming language. later,Python bụ asụsụ mmemme.
a website provides information.,Weebụsaịtị na-enye ozi.
a website provides information. today,Weebụsaịtị na-enye ozi.
he built a website.,Ọ wuru weebụsaịtị.
she built a website.,Ọ wuru weebụsaịtị.
he built a website. tomorrow,Ọ wuru weebụsaịtị.
the website is easy to use.,Weebụsaịtị ahụ dị mfe iji.
the website is easy to use. now,Weebụsaịtị ahụ dị mfe iji.
the web developer works on websites.,Onye nrụpụta weebụ na-arụ ọrụ na weebụsaịtị.
the web developer works on websites. today,Onye nrụpụta weebụ na-arụ ọrụ na weebụsaịtị.
he works with web technology.,Ọ na-eji teknụzụ webụ arụ ọrụ.
she works with web technology.,Ọ na-eji teknụzụ webụ arụ ọrụ.
he works with web technology. tomorrow,Ọ na-eji teknụzụ webụ arụ ọrụ.
it is important to protect data.,Ọ dị mkpa ichekwa data.
it is important to protect data. tomorrow,Ọ dị mkpa ichekwa data.
data can be important.,Data nwere ike ịdị mkpa.
data can be important. later,Data nwere ike ịdị mkpa.
he stores data in a database.,Ọ na-echekwa data n'ime nchekwa.
she stores data in a database.,Ọ na-echekwa data n'ime nchekwa.
he stores data in a database. now,Ọ na-echekwa data n'ime nchekwa.
the database contains a lot of information.,Ebe nchekwa data nwere ọtụtụ ozi.
the database contains a lot of information. now,Ebe nchekwa data nwere ọtụtụ ozi.
the administrator manages the database.,Onye nchịkwa na-elekọta nchekwa data.
the administrator manages the database. now,Onye nchịkwa na-elekọta nchekwa data.
a password protects an account.,Paswọọdụ na-echekwa akaụntụ.
a password protects an account. tomorrow,Paswọọdụ na-echekwa akaụntụ.
he created a strong password.,Ọ mepụtara paswọọdụ siri ike.
she created a strong password.,Ọ mepụtara paswọọdụ siri ike.
he created a strong password. tomorrow,Ọ mepụtara paswọọdụ siri ike.
it is important to keep a password secret.,Ọ dị mkpa izobe paswọọdụ.
it is important to keep a password secret. now,Ọ dị mkpa izobe paswọọdụ.
internet security is important.,Nchekwa ịntanetị dị mkpa.
internet security is important. tomorrow,Nchekwa ịntanetị dị mkpa.
computer viruses can damage data.,Nje kọmputa nwere ike imebi data.
computer viruses can damage data. later,Nje kọmputa nwere ike imebi data.
security software protects computers.,Ngwanrọ nchebe na-echebe kọmputa.
security software protects computers. tomorrow,Ngwanrọ nchebe na-echebe kọmputa.
he installed security software.,Ọ wụnyere ngwanrọ nchebe.
she installed security software.,Ọ wụnyere ngwanrọ nchebe.
he installed security software. tomorrow,Ọ wụnyere ngwanrọ nchebe.
it is important to update software.,Ọ dị mkpa imelite ngwanrọ.
it is important to update software. today,Ọ dị mkpa imelite ngwanrọ.
the update fixed the problem.,Mmelite ahụ meziri nsogbu ahụ.
the update fixed the problem. later,Mmelite ahụ meziri nsogbu ahụ.
he backs up his files.,Ọ na-echekwa faịlụ ya.
she backs up his files.,Ọ na-echekwa faịlụ ya.
he backs up his files. today,Ọ na-echekwa faịlụ ya.
the file is on the computer.,Faịlụ ahụ dị na kọmputa.
the file is on the computer. now,Faịlụ ahụ dị na kọmputa.
he opened the file.,Ọ mepere faịlụ ahụ.
she opened the file.,Ọ mepere faịlụ ahụ.
he opened the file. now,Ọ mepere faịlụ ahụ.
he saved the document.,Ọ chekwaara akwụkwọ ahụ.
she saved the document.,Ọ chekwaara akwụkwọ ahụ.
he saved the document. later,Ọ chekwaara akwụkwọ ahụ.
he sent the file.,Ọ zipụrụ faịlụ ahụ.
she sent the file.,Ọ zipụrụ faịlụ ahụ.
he sent the file. tomorrow,Ọ zipụrụ faịlụ ahụ.
he received the file.,Ọ natara faịlụ ahụ.
she received the file.,Ọ natara faịlụ ahụ.
he received the file. today,Ọ natara faịlụ ahụ.
email helps people send messages.,Email na-enyere ndị mmadụ izipu ozi.
email helps people send messages. later,Email na-enyere ndị mmadụ izipu ozi.
he sent an email in the morning.,Ọ zitere email n'ụtụtụ.
she sent an email in the morning.,Ọ zitere email n'ụtụtụ.
he sent an email in the morning. today,Ọ zitere email n'ụtụtụ.
he received a new email.,Ọ natara email ọhụrụ.
she received a new email.,Ọ natara email ọhụrụ.
he received a new email. tomorrow,Ọ natara email ọhụrụ.
he replied to the email.,Ọ zara email ahụ.
she replied to the email.,Ọ zara email ahụ.
he replied to the email. today,Ọ zara email ahụ.
he uses video to communicate.,Ọ na-eji vidio akparịta ụka.
she uses video to communicate.,Ọ na-eji vidio akparịta ụka.
he uses video to communicate. later,Ọ na-eji vidio akparịta ụka.
online meetings are popular.,Nzukọ n'ịntanetị na-ewu ewu.
online meetings are popular. tomorrow,Nzukọ n'ịntanetị na-ewu ewu.
they held an online meeting.,Ha mere nzukọ n'ịntanetị.
we held an online meeting.,Ha mere nzukọ n'ịntanetị.
they held an online meeting. tomorrow,Ha mere nzukọ n'ịntanetị.
the camera is not working.,Igwefoto ahụ anaghị arụ ọrụ.
the camera is not working. later,Igwefoto ahụ anaghị arụ ọrụ.
the microphone is good.,Igwe okwu ahụ dị mma.
the microphone is good. tomorrow,Igwe okwu ahụ dị mma.
he uses technology for learning.,Ọ na-eji teknụzụ eme mmụta.
she uses technology for learning.,Ọ na-eji teknụzụ eme mmụta.
he uses technology for learning. today,Ọ na-eji teknụzụ eme mmụta.
online learning helps students.,Ọmụmụ ihe n'ịntanetị na-enyere ụmụ akwụkwọ aka.
online learning helps students. now,Ọmụmụ ihe n'ịntanetị na-enyere ụmụ akwụkwọ aka.
technology is changing the world.,Ụzụ na-agbanwe ụwa.
technology is changing the world. later,Ụzụ na-agbanwe ụwa.
technology makes work easier.,Ụzụ na-eme ka ọrụ dị mfe.
technology makes work easier. today,Ụzụ na-eme ka ọrụ dị mfe.
some jobs use machines.,Ụfọdụ ọrụ na-eji igwe eme ihe.
some jobs use machines. tomorrow,Ụfọdụ ọrụ na-eji igwe eme ihe.
machines can work quickly.,Igwè nwere ike ịrụ ọrụ ngwa ngwa.
machines can work quickly. now,Igwè nwere ike ịrụ ọrụ ngwa ngwa.
a robot can perform some tasks.,Robot nwere ike ịrụ ụfọdụ ọrụ.
a robot can perform some tasks. today,Robot nwere ike ịrụ ụfọdụ ọrụ.
machine learning is part of artificial intelligence.,Ọmụmụ igwe bụ akụkụ nke ọgụgụ isi mmadụ.
machine learning is part of artificial intelligence. later,Ọmụmụ igwe bụ akụkụ nke ọgụgụ isi mmadụ.
artificial intelligence learns from data.,Ọgụgụ isi mmadụ na-eji data amụta ihe.
artificial intelligence learns from data. tomorrow,Ọgụgụ isi mmadụ na-eji data amụta ihe.
researchers study artificial intelligence.,Ndị nyocha na-amụ ọgụgụ isi mmadụ.
researchers study artificial intelligence. later,Ndị nyocha na-amụ ọgụgụ isi mmadụ.
new technology appears every year.,Ụzụ ọhụrụ na-apụta kwa afọ.
new technology appears every year. today,Ụzụ ọhụrụ na-apụta kwa afọ.
people adopt new technology.,Ndị mmadụ na-anabata teknụzụ ọhụrụ.
people adopt new technology. now,Ndị mmadụ na-anabata teknụzụ ọhụrụ.
it is important to learn new skills.,Ọ dị mkpa ịmụta nkà ọhụrụ.
it is important to learn new skills. today,Ọ dị mkpa ịmụta nkà ọhụrụ.
computer skills help a person find a job.,Nkà kọmputa na-enyere mmadụ aka ịchọta ọrụ.
computer skills help a person find a job. today,Nkà kọmputa na-enyere mmadụ aka ịchọta ọrụ.
he is learning digital skills.,Ọ na-amụ nkà dijitalụ.
she is learning digital skills.,Ọ na-amụ nkà dijitalụ.
he is learning digital skills. tomorrow,Ọ na-amụ nkà dijitalụ.
the company uses digital systems.,Ụlọ ọrụ ahụ na-eji usoro dijitalụ.
the company uses digital systems. later,Ụlọ ọrụ ahụ na-eji usoro dijitalụ.
the system makes work faster.,Usoro ahụ na-eme ka ọrụ dị ngwa.
the system makes work faster. today,Usoro ahụ na-eme ka ọrụ dị ngwa.
the worker checked the system.,Onye ọrụ nyochara usoro ahụ.
the worker checked the system. today,Onye ọrụ nyochara usoro ahụ.
the system has a problem.,Usoro ahụ nwere nsogbu.
the system has a problem. now,Usoro ahụ nwere nsogbu.
the engineer repaired the system.,Onye injinia meziri usoro ahụ.
the engineer repaired the system. now,Onye injinia meziri usoro ahụ.
it is important to use technology properly.,Ọ dị mkpa iji teknụzụ mee ihe nke ọma.
it is important to use technology properly. later,Ọ dị mkpa iji teknụzụ mee ihe nke ọma.
technology has advantages and disadvantages.,Ụzụ nwere uru na ọghọm.
technology has advantages and disadvantages. later,Ụzụ nwere uru na ọghọm.
people should use technology responsibly.,Ndị mmadụ kwesịrị iji teknụzụ mee ihe n'ụzọ ziri ezi.
people should use technology responsibly. tomorrow,Ndị mmadụ kwesịrị iji teknụzụ mee ihe n'ụzọ ziri ezi.
technology helps community development.,Ụzụ na-enyere mmepe obodo aka.
technology helps community development. later,Ụzụ na-enyere mmepe obodo aka.
the future will depend on technology.,Ọdịnihu ga-adabere n'ụzụ.
the future will depend on technology. now,Ọdịnihu ga-adabere n'ụzụ.
